DOI,DID,yyyy,mm,dd,hh,min,timezone,xyear,LatDir,NSflag,LatD,LatM,LatS,LatDecimal,LongDir,EWflag,LongD,LongM,LongS,LongDecimal,altdepflag,altdep,Unit_altdep,sample type,Nuclide,Value type,Activity or MDA,Uncertainty_activity,Unit_activity,Nuclide,Value type,Activity or MDA,Uncertainty_activity,Unit_activity,sample_type2,name_river,river_code_MLT,Periods,Unit_Periods,Weight,Unit_Weight,Site_Number
10.34355/Fukushima.Pref.CEC.00014,1,2015,4,22,12,0,JST,2015.307534,N,1,37,35,8,37.58555556,E,1,140,41,32,140.6922222,1,517.5,m,Suspended Matter,137Cs,=,"3,950 ",47 ,Bq kg-1,134Cs,=,"1,061 ",25 ,Bq kg-1,river,Mizusakai,-,98,Day,96.76 ,g,1
10.34355/Fukushima.Pref.CEC.00014,2,2015,5,29,12,0,JST,2015.410046,N,1,37,35,8,37.58555556,E,1,140,41,32,140.6922222,1,517.5,m,Suspended Matter,137Cs,=,"4,998 ",95 ,Bq kg-1,134Cs,=,"1,312 ",53 ,Bq kg-1,river,Mizusakai,-,37,Day,8.16 ,g,1
10.34355/Fukushima.Pref.CEC.00014,3,2015,7,21,12,0,JST,2015.554795,N,1,37,35,8,37.58555556,E,1,140,41,32,140.6922222,1,517.5,m,Suspended Matter,137Cs,=,"3,333 ",41 ,Bq kg-1,134Cs,=,857 ,21 ,Bq kg-1,river,Mizusakai,-,53,Day,52.82 ,g,1
10.34355/Fukushima.Pref.CEC.00014,4,2015,9,3,12,0,JST,2015.672146,N,1,37,35,8,37.58555556,E,1,140,41,32,140.6922222,1,517.5,m,Suspended Matter,137Cs,=,"3,563 ",81 ,Bq kg-1,134Cs,=,985 ,46 ,Bq kg-1,river,Mizusakai,-,44,Day,8.02 ,g,1
10.34355/Fukushima.Pref.CEC.00014,5,2015,12,24,12,0,JST,2015.97968,N,1,37,35,8,37.58555556,E,1,140,41,32,140.6922222,1,517.5,m,Suspended Matter,137Cs,=,"2,333 ",46 ,Bq kg-1,134Cs,=,509 ,21 ,Bq kg-1,river,Mizusakai,-,63,Day,38.91 ,g,1
10.34355/Fukushima.Pref.CEC.00014,6,2016,1,21,12,0,JST,2016.054795,N,1,37,35,8,37.58555556,E,1,140,41,32,140.6922222,1,517.5,m,Suspended Matter,137Cs,=,"3,243 ",105 ,Bq kg-1,134Cs,=,706 ,53 ,Bq kg-1,river,Mizusakai,-,28,Day,1.75 ,g,1
10.34355/Fukushima.Pref.CEC.00014,7,2016,2,23,12,0,JST,2016.143607,N,1,37,35,8,37.58555556,E,1,140,41,32,140.6922222,1,517.5,m,Suspended Matter,137Cs,=,"3,083 ",66 ,Bq kg-1,134Cs,=,688 ,31 ,Bq kg-1,river,Mizusakai,-,33,Day,20.85 ,g,1
10.34355/Fukushima.Pref.CEC.00014,8,2016,4,15,12,0,JST,2016.288356,N,1,37,35,8,37.58555556,E,1,140,41,32,140.6922222,1,517.5,m,Suspended Matter,137Cs,=,"2,988 ",95 ,Bq kg-1,134Cs,=,647 ,48 ,Bq kg-1,river,Mizusakai,-,52,Day,10.26 ,g,1
10.34355/Fukushima.Pref.CEC.00014,9,2016,9,27,12,0,JST,2016.7379,N,1,37,35,8,37.58555556,E,1,140,41,32,140.6922222,1,517.5,m,Suspended Matter,137Cs,=,"2,238 ",75 ,Bq kg-1,134Cs,=,420 ,35 ,Bq kg-1,river,Mizusakai,-,165,Day,13.85 ,g,1
10.34355/Fukushima.Pref.CEC.00014,10,2016,12,21,12,0,JST,2016.971461,N,1,37,35,8,37.58555556,E,1,140,41,32,140.6922222,1,517.5,m,Suspended Matter,137Cs,=,"3,531 ",90 ,Bq kg-1,134Cs,=,563 ,40 ,Bq kg-1,river,Mizusakai,-,85,Day,14.23 ,g,1
10.34355/Fukushima.Pref.CEC.00014,11,2017,3,1,12,0,JST,2017.166667,N,1,37,35,8,37.58555556,E,1,140,41,32,140.6922222,1,517.5,m,Suspended Matter,137Cs,=,"1,956 ",103 ,Bq kg-1,134Cs,=,370 ,53 ,Bq kg-1,river,Mizusakai,-,70,Day,5.82 ,g,1
10.34355/Fukushima.Pref.CEC.00014,12,2015,4,22,12,0,JST,2015.307534,N,1,37,35,27,37.59083333,E,1,140,41,18,140.6883333,1,513.5,m,Suspended Matter,137Cs,=,"2,260 ",37 ,Bq kg-1,134Cs,=,621 ,20 ,Bq kg-1,river,Kuchibuto,W8202010130,97,Day,85.71 ,g,2
10.34355/Fukushima.Pref.CEC.00014,13,2015,5,29,12,0,JST,2015.410046,N,1,37,35,27,37.59083333,E,1,140,41,18,140.6883333,1,513.5,m,Suspended Matter,137Cs,=,"3,434 ",90 ,Bq kg-1,134Cs,=,939 ,52 ,Bq kg-1,river,Kuchibuto,W8202010130,37,Day,6.01 ,g,2
10.34355/Fukushima.Pref.CEC.00014,14,2015,7,21,12,0,JST,2015.554795,N,1,37,35,27,37.59083333,E,1,140,41,18,140.6883333,1,513.5,m,Suspended Matter,137Cs,=,"2,885 ",43 ,Bq kg-1,134Cs,=,739 ,22 ,Bq kg-1,river,Kuchibuto,W8202010130,53,Day,39.06 ,g,2
10.34355/Fukushima.Pref.CEC.00014,15,2015,9,3,12,0,JST,2015.672146,N,1,37,35,27,37.59083333,E,1,140,41,18,140.6883333,1,513.5,m,Suspended Matter,137Cs,=,"3,786 ",68 ,Bq kg-1,134Cs,=,913 ,34 ,Bq kg-1,river,Kuchibuto,W8202010130,44,Day,25.54 ,g,2
10.34355/Fukushima.Pref.CEC.00014,16,2015,10,22,12,0,JST,2015.807534,N,1,37,35,27,37.59083333,E,1,140,41,18,140.6883333,1,513.5,m,Suspended Matter,137Cs,=,"1,119 ",24 ,Bq kg-1,134Cs,=,262 ,11 ,Bq kg-1,river,Kuchibuto,W8202010130,49,Day,102.28 ,g,2
10.34355/Fukushima.Pref.CEC.00014,17,2015,12,24,12,0,JST,2015.97968,N,1,37,35,27,37.59083333,E,1,140,41,18,140.6883333,1,513.5,m,Suspended Matter,137Cs,=,"1,532 ",31 ,Bq kg-1,134Cs,=,341 ,14 ,Bq kg-1,river,Kuchibuto,W8202010130,63,Day,84.83 ,g,2
10.34355/Fukushima.Pref.CEC.00014,18,2016,1,21,12,0,JST,2016.054795,N,1,37,35,27,37.59083333,E,1,140,41,18,140.6883333,1,513.5,m,Suspended Matter,137Cs,=,391 ,18 ,Bq kg-1,134Cs,=,85 ,9 ,Bq kg-1,river,Kuchibuto,W8202010130,28,Day,33.54 ,g,2
10.34355/Fukushima.Pref.CEC.00014,19,2016,2,17,12,0,JST,2016.127169,N,1,37,35,27,37.59083333,E,1,140,41,18,140.6883333,1,513.5,m,Suspended Matter,137Cs,=,708 ,24 ,Bq kg-1,134Cs,=,190 ,13 ,Bq kg-1,river,Kuchibuto,W8202010130,27,Day,37.89 ,g,2
10.34355/Fukushima.Pref.CEC.00014,20,2016,4,15,12,0,JST,2016.288356,N,1,37,35,27,37.59083333,E,1,140,41,18,140.6883333,1,513.5,m,Suspended Matter,137Cs,=,983 ,31 ,Bq kg-1,134Cs,=,173 ,14 ,Bq kg-1,river,Kuchibuto,W8202010130,58,Day,61.07 ,g,2
10.34355/Fukushima.Pref.CEC.00014,21,2016,9,27,12,0,JST,2016.7379,N,1,37,35,27,37.59083333,E,1,140,41,18,140.6883333,1,513.5,m,Suspended Matter,137Cs,=,727 ,24 ,Bq kg-1,134Cs,=,117 ,10 ,Bq kg-1,river,Kuchibuto,W8202010130,165,Day,103.80 ,g,2
10.34355/Fukushima.Pref.CEC.00014,22,2016,12,21,12,0,JST,2016.971461,N,1,37,35,27,37.59083333,E,1,140,41,18,140.6883333,1,513.5,m,Suspended Matter,137Cs,=,717 ,25 ,Bq kg-1,134Cs,=,117 ,11 ,Bq kg-1,river,Kuchibuto,W8202010130,85,Day,63.87 ,g,2
10.34355/Fukushima.Pref.CEC.00014,23,2017,3,1,12,0,JST,2017.166667,N,1,37,35,27,37.59083333,E,1,140,41,18,140.6883333,1,513.5,m,Suspended Matter,137Cs,=,649 ,34 ,Bq kg-1,134Cs,=,142 ,19 ,Bq kg-1,river,Kuchibuto,W8202010130,70,Day,9.75 ,g,2
10.34355/Fukushima.Pref.CEC.00014,24,2015,4,23,12,0,JST,2015.310274,N,1,37,31,55,37.53194444,E,1,140,36,50,140.6138889,1,382.6,m,Suspended Matter,137Cs,=,"2,652 ",44 ,Bq kg-1,134Cs,=,760 ,24 ,Bq kg-1,river,Kuchibuto,W8202010130,99,Day,60.92 ,g,3
10.34355/Fukushima.Pref.CEC.00014,25,2015,5,29,12,0,JST,2015.410046,N,1,37,31,55,37.53194444,E,1,140,36,50,140.6138889,1,382.6,m,Suspended Matter,137Cs,=,"1,941 ",38 ,Bq kg-1,134Cs,=,499 ,19 ,Bq kg-1,river,Kuchibuto,W8202010130,36,Day,71.70 ,g,3
10.34355/Fukushima.Pref.CEC.00014,26,2015,7,21,12,0,JST,2015.554795,N,1,37,31,55,37.53194444,E,1,140,36,50,140.6138889,1,382.6,m,Suspended Matter,137Cs,=,"2,462 ",33 ,Bq kg-1,134Cs,=,648 ,17 ,Bq kg-1,river,Kuchibuto,W8202010130,53,Day,70.54 ,g,3
10.34355/Fukushima.Pref.CEC.00014,27,2015,9,3,12,0,JST,2015.672146,N,1,37,31,55,37.53194444,E,1,140,36,50,140.6138889,1,382.6,m,Suspended Matter,137Cs,=,"2,346 ",42 ,Bq kg-1,134Cs,=,588 ,20 ,Bq kg-1,river,Kuchibuto,W8202010130,44,Day,68.36 ,g,3
10.34355/Fukushima.Pref.CEC.00014,28,2015,12,24,12,0,JST,2015.97968,N,1,37,31,55,37.53194444,E,1,140,36,50,140.6138889,1,382.6,m,Suspended Matter,137Cs,=,740 ,20 ,Bq kg-1,134Cs,=,172 ,9 ,Bq kg-1,river,Kuchibuto,W8202010130,49,Day,101.37 ,g,3
10.34355/Fukushima.Pref.CEC.00014,29,2016,1,21,12,0,JST,2016.054795,N,1,37,31,55,37.53194444,E,1,140,36,50,140.6138889,1,382.6,m,Suspended Matter,137Cs,=,"1,191 ",45 ,Bq kg-1,134Cs,=,291 ,24 ,Bq kg-1,river,Kuchibuto,W8202010130,28,Day,15.53 ,g,3
10.34355/Fukushima.Pref.CEC.00014,30,2016,2,17,12,0,JST,2016.127169,N,1,37,31,55,37.53194444,E,1,140,36,50,140.6138889,1,382.6,m,Suspended Matter,137Cs,=,887 ,25 ,Bq kg-1,134Cs,=,175 ,11 ,Bq kg-1,river,Kuchibuto,W8202010130,27,Day,59.89 ,g,3
10.34355/Fukushima.Pref.CEC.00014,31,2016,4,15,12,0,JST,2016.288356,N,1,37,31,55,37.53194444,E,1,140,36,50,140.6138889,1,382.6,m,Suspended Matter,137Cs,=,715 ,25 ,Bq kg-1,134Cs,=,138 ,12 ,Bq kg-1,river,Kuchibuto,W8202010130,58,Day,78.36 ,g,3
10.34355/Fukushima.Pref.CEC.00014,32,2016,9,27,12,0,JST,2016.7379,N,1,37,31,55,37.53194444,E,1,140,36,50,140.6138889,1,382.6,m,Suspended Matter,137Cs,=,796 ,27 ,Bq kg-1,134Cs,=,142 ,12 ,Bq kg-1,river,Kuchibuto,W8202010130,165,Day,91.34 ,g,3
10.34355/Fukushima.Pref.CEC.00014,33,2016,12,21,12,0,JST,2016.971461,N,1,37,31,55,37.53194444,E,1,140,36,50,140.6138889,1,382.6,m,Suspended Matter,137Cs,=,"1,193 ",35 ,Bq kg-1,134Cs,=,204 ,15 ,Bq kg-1,river,Kuchibuto,W8202010130,85,Day,74.21 ,g,3
10.34355/Fukushima.Pref.CEC.00014,34,2017,3,1,12,0,JST,2017.166667,N,1,37,31,55,37.53194444,E,1,140,36,50,140.6138889,1,382.6,m,Suspended Matter,137Cs,=,737 ,25 ,Bq kg-1,134Cs,=,121 ,11 ,Bq kg-1,river,Kuchibuto,W8202010130,70,Day,15.66 ,g,3
10.34355/Fukushima.Pref.CEC.00014,35,2015,4,23,12,0,JST,2015.310274,N,1,37,34,52,37.58111111,E,1,140,32,31,140.5419444,1,220.3,m,Suspended Matter,137Cs,=,"2,995 ",65 ,Bq kg-1,134Cs,=,792 ,35 ,Bq kg-1,river,Kuchibuto,W8202010130,99,Day,17.94 ,g,4
10.34355/Fukushima.Pref.CEC.00014,36,2015,5,29,12,0,JST,2015.410046,N,1,37,34,52,37.58111111,E,1,140,32,31,140.5419444,1,220.3,m,Suspended Matter,137Cs,=,"2,475 ",69 ,Bq kg-1,134Cs,=,672 ,37 ,Bq kg-1,river,Kuchibuto,W8202010130,36,Day,14.36 ,g,4
10.34355/Fukushima.Pref.CEC.00014,37,2015,7,21,12,0,JST,2015.554795,N,1,37,34,52,37.58111111,E,1,140,32,31,140.5419444,1,220.3,m,Suspended Matter,137Cs,=,"2,787 ",50 ,Bq kg-1,134Cs,=,739 ,26 ,Bq kg-1,river,Kuchibuto,W8202010130,53,Day,21.23 ,g,4
10.34355/Fukushima.Pref.CEC.00014,38,2015,9,3,12,0,JST,2015.672146,N,1,37,34,52,37.58111111,E,1,140,32,31,140.5419444,1,220.3,m,Suspended Matter,137Cs,=,"2,766 ",46 ,Bq kg-1,134Cs,=,705 ,24 ,Bq kg-1,river,Kuchibuto,W8202010130,44,Day,27.47 ,g,4
10.34355/Fukushima.Pref.CEC.00014,39,2015,12,24,12,0,JST,2015.97968,N,1,37,34,52,37.58111111,E,1,140,32,31,140.5419444,1,220.3,m,Suspended Matter,137Cs,=,"1,231 ",103 ,Bq kg-1,134Cs,=,283 ,69 ,Bq kg-1,river,Kuchibuto,W8202010130,76,Day,0.91 ,g,4
10.34355/Fukushima.Pref.CEC.00014,40,2016,1,21,12,0,JST,2016.054795,N,1,37,34,52,37.58111111,E,1,140,32,31,140.5419444,1,220.3,m,Suspended Matter,137Cs,=,"1,187 ",43 ,Bq kg-1,134Cs,=,283 ,24 ,Bq kg-1,river,Kuchibuto,W8202010130,28,Day,9.64 ,g,4
10.34355/Fukushima.Pref.CEC.00014,41,2016,2,17,12,0,JST,2016.127169,N,1,37,34,52,37.58111111,E,1,140,32,31,140.5419444,1,220.3,m,Suspended Matter,137Cs,=,"1,762 ",61 ,Bq kg-1,134Cs,=,355 ,31 ,Bq kg-1,river,Kuchibuto,W8202010130,27,Day,6.18 ,g,4
10.34355/Fukushima.Pref.CEC.00014,42,2016,4,15,12,0,JST,2016.288356,N,1,37,34,52,37.58111111,E,1,140,32,31,140.5419444,1,220.3,m,Suspended Matter,137Cs,=,"1,632 ",90 ,Bq kg-1,134Cs,=,294 ,44 ,Bq kg-1,river,Kuchibuto,W8202010130,58,Day,6.20 ,g,4
10.34355/Fukushima.Pref.CEC.00014,43,2016,10,24,12,0,JST,2016.813014,N,1,37,34,52,37.58111111,E,1,140,32,31,140.5419444,1,220.3,m,Suspended Matter,137Cs,=,"1,982 ",55 ,Bq kg-1,134Cs,=,344 ,24 ,Bq kg-1,river,Kuchibuto,W8202010130,192,Day,37.79 ,g,4
10.34355/Fukushima.Pref.CEC.00014,44,2016,12,21,12,0,JST,2016.971461,N,1,37,34,52,37.58111111,E,1,140,32,31,140.5419444,1,220.3,m,Suspended Matter,137Cs,=,"1,475 ",64 ,Bq kg-1,134Cs,=,238 ,28 ,Bq kg-1,river,Kuchibuto,W8202010130,58,Day,14.14 ,g,4
10.34355/Fukushima.Pref.CEC.00014,45,2017,3,1,12,0,JST,2017.166667,N,1,37,34,52,37.58111111,E,1,140,32,31,140.5419444,1,220.3,m,Suspended Matter,137Cs,=,916 ,32 ,Bq kg-1,134Cs,=,146 ,14 ,Bq kg-1,river,Kuchibuto,W8202010130,70,Day,27.02 ,g,4
10.34355/Fukushima.Pref.CEC.00014,46,2015,5,27,12,0,JST,2015.404566,N,1,37,49,43,37.82861111,E,1,140,31,12,140.52,1,49.5,m,Suspended Matter,137Cs,=,"2,345 ",85 ,Bq kg-1,134Cs,=,655 ,47 ,Bq kg-1,river,Abukuma,W8202010001,135,Day,7.65 ,g,5
10.34355/Fukushima.Pref.CEC.00014,47,2015,7,15,12,0,JST,2015.538356,N,1,37,49,43,37.82861111,E,1,140,31,12,140.52,1,49.5,m,Suspended Matter,137Cs,=,"3,817 ",129 ,Bq kg-1,134Cs,=,932 ,73 ,Bq kg-1,river,Abukuma,W8202010001,49,Day,1.67 ,g,5
10.34355/Fukushima.Pref.CEC.00014,48,2015,8,24,12,0,JST,2015.646347,N,1,37,49,43,37.82861111,E,1,140,31,12,140.52,1,49.5,m,Suspended Matter,137Cs,=,"2,048 ",39 ,Bq kg-1,134Cs,=,523 ,19 ,Bq kg-1,river,Abukuma,W8202010001,40,Day,68.68 ,g,5
10.34355/Fukushima.Pref.CEC.00014,49,2015,10,8,12,0,JST,2015.769178,N,1,37,49,43,37.82861111,E,1,140,31,12,140.52,1,49.5,m,Suspended Matter,137Cs,=,975 ,20 ,Bq kg-1,134Cs,=,240 ,10 ,Bq kg-1,river,Abukuma,W8202010001,45,Day,79.88 ,g,5
10.34355/Fukushima.Pref.CEC.00014,50,2016,1,26,12,0,JST,2016.068493,N,1,37,49,43,37.82861111,E,1,140,31,12,140.52,1,49.5,m,Suspended Matter,137Cs,=,"1,319 ",75 ,Bq kg-1,134Cs,=,298 ,49 ,Bq kg-1,river,Abukuma,W8202010001,110,Day,0.98 ,g,5
10.34355/Fukushima.Pref.CEC.00014,51,2016,2,16,12,0,JST,2016.124429,N,1,37,49,43,37.82861111,E,1,140,31,12,140.52,1,49.5,m,Suspended Matter,137Cs,=,432 ,34 ,Bq kg-1,134Cs,=,90 ,22 ,Bq kg-1,river,Abukuma,W8202010001,21,Day,1.69 ,g,5
10.34355/Fukushima.Pref.CEC.00014,52,2016,4,13,12,0,JST,2016.282877,N,1,37,49,43,37.82861111,E,1,140,31,12,140.52,1,49.5,m,Suspended Matter,137Cs,=,761 ,22 ,Bq kg-1,134Cs,=,186 ,16 ,Bq kg-1,river,Abukuma,W8202010001,57,Day,1.04 ,g,5
10.34355/Fukushima.Pref.CEC.00014,53,2016,10,24,12,0,JST,2016.813014,N,1,37,49,43,37.82861111,E,1,140,31,12,140.52,1,49.5,m,Suspended Matter,137Cs,=,961 ,32 ,Bq kg-1,134Cs,=,152 ,14 ,Bq kg-1,river,Abukuma,W8202010001,194,Day,67.49 ,g,5
10.34355/Fukushima.Pref.CEC.00014,54,2016,12,21,12,0,JST,2016.971461,N,1,37,49,43,37.82861111,E,1,140,31,12,140.52,1,49.5,m,Suspended Matter,137Cs,=,434 ,19 ,Bq kg-1,134Cs,=,86 ,19 ,Bq kg-1,river,Abukuma,W8202010001,58,Day,0.34 ,g,5
10.34355/Fukushima.Pref.CEC.00014,55,2017,3,1,12,0,JST,2017.166667,N,1,37,49,43,37.82861111,E,1,140,31,12,140.52,1,49.5,m,Suspended Matter,137Cs,=,690 ,39 ,Bq kg-1,134Cs,<,97 ,,Bq kg-1,river,Abukuma,W8202010001,70,Day,0.39 ,g,5
10.34355/Fukushima.Pref.CEC.00014,56,2015,6,2,12,0,JST,2015.419406,N,1,38,5,41,38.09472222,E,1,140,52,19,140.8719444,1,3.5,m,Suspended Matter,137Cs,=,"2,154 ",94 ,Bq kg-1,134Cs,=,562 ,59 ,Bq kg-1,river,Abukuma,W8202010001,140,Day,1.83 ,g,6
10.34355/Fukushima.Pref.CEC.00014,57,2015,8,3,12,0,JST,2015.588813,N,1,38,5,41,38.09472222,E,1,140,52,19,140.8719444,1,3.5,m,Suspended Matter,137Cs,=,"1,812 ",109 ,Bq kg-1,134Cs,=,460 ,65 ,Bq kg-1,river,Abukuma,W8202010001,62,Day,2.14 ,g,6
10.34355/Fukushima.Pref.CEC.00014,58,2015,8,28,12,0,JST,2015.657306,N,1,38,5,41,38.09472222,E,1,140,52,19,140.8719444,1,3.5,m,Suspended Matter,137Cs,=,"1,349 ",75 ,Bq kg-1,134Cs,=,342 ,45 ,Bq kg-1,river,Abukuma,W8202010001,25,Day,5.50 ,g,6
10.34355/Fukushima.Pref.CEC.00014,59,2015,10,14,12,0,JST,2015.785616,N,1,38,5,41,38.09472222,E,1,140,52,19,140.8719444,1,3.5,m,Suspended Matter,137Cs,=,696 ,21 ,Bq kg-1,134Cs,=,163 ,10 ,Bq kg-1,river,Abukuma,W8202010001,47,Day,82.95 ,g,6
10.34355/Fukushima.Pref.CEC.00014,60,2016,1,15,12,0,JST,2016.038356,N,1,38,5,41,38.09472222,E,1,140,52,19,140.8719444,1,3.5,m,Suspended Matter,137Cs,=,"1,097 ",19 ,Bq kg-1,134Cs,=,248 ,13 ,Bq kg-1,river,Abukuma,W8202010001,93,Day,0.73 ,g,6
10.34355/Fukushima.Pref.CEC.00014,61,2016,4,11,12,0,JST,2016.277397,N,1,38,5,41,38.09472222,E,1,140,52,19,140.8719444,1,3.5,m,Suspended Matter,137Cs,=,724 ,43 ,Bq kg-1,134Cs,=,157 ,26 ,Bq kg-1,river,Abukuma,W8202010001,87,Day,2.32 ,g,6
10.34355/Fukushima.Pref.CEC.00014,62,2016,5,30,12,0,JST,2016.412785,N,1,38,5,41,38.09472222,E,1,140,52,19,140.8719444,1,3.5,m,Suspended Matter,137Cs,=,779 ,38 ,Bq kg-1,134Cs,=,196 ,22 ,Bq kg-1,river,Abukuma,W8202010001,49,Day,8.74 ,g,6
10.34355/Fukushima.Pref.CEC.00014,63,2016,8,2,12,0,JST,2016.586073,N,1,38,5,41,38.09472222,E,1,140,52,19,140.8719444,1,3.5,m,Suspended Matter,137Cs,=,"1,126 ",18 ,Bq kg-1,134Cs,=,213 ,10 ,Bq kg-1,river,Abukuma,W8202010001,64,Day,2.09 ,g,6
10.34355/Fukushima.Pref.CEC.00014,64,2016,10,17,12,0,JST,2016.793836,N,1,38,5,41,38.09472222,E,1,140,52,19,140.8719444,1,3.5,m,Suspended Matter,137Cs,=,526 ,9 ,Bq kg-1,134Cs,=,92 ,4 ,Bq kg-1,river,Abukuma,W8202010001,76,Day,28.13 ,g,6
10.34355/Fukushima.Pref.CEC.00014,65,2017,1,6,12,0,JST,2017.013699,N,1,38,5,41,38.09472222,E,1,140,52,19,140.8719444,1,3.5,m,Suspended Matter,137Cs,=,641 ,28 ,Bq kg-1,134Cs,=,100 ,22 ,Bq kg-1,river,Abukuma,W8202010001,81,Day,0.60 ,g,6
10.34355/Fukushima.Pref.CEC.00014,66,2017,2,27,12,0,JST,2017.154566,N,1,38,5,41,38.09472222,E,1,140,52,19,140.8719444,1,3.5,m,Suspended Matter,137Cs,=,487 ,36 ,Bq kg-1,134Cs,<,96 ,,Bq kg-1,river,Abukuma,W8202010001,52,Day,0.37 ,g,6
10.34355/Fukushima.Pref.CEC.00014,67,2015,4,17,12,0,JST,2015.293836,N,1,37,42,57,37.71583333,E,1,140,50,22,140.8394444,1,106.5,m,Suspended Matter,137Cs,=,"18,250 ",277 ,Bq kg-1,134Cs,=,"5,430 ",159 ,Bq kg-1,river,Mano,W0700090001,77,Day,2.95 ,g,7
10.34355/Fukushima.Pref.CEC.00014,68,2015,6,2,12,0,JST,2015.419406,N,1,37,42,57,37.71583333,E,1,140,50,22,140.8394444,1,106.5,m,Suspended Matter,137Cs,=,"13,306 ",411 ,Bq kg-1,134Cs,=,"3,491 ",236 ,Bq kg-1,river,Mano,W0700090001,46,Day,1.03 ,g,7
10.34355/Fukushima.Pref.CEC.00014,69,2015,7,22,12,0,JST,2015.557534,N,1,37,42,57,37.71583333,E,1,140,50,22,140.8394444,1,106.5,m,Suspended Matter,137Cs,=,"14,964 ",256 ,Bq kg-1,134Cs,=,"4,047 ",144 ,Bq kg-1,river,Mano,W0700090001,50,Day,3.07 ,g,7
10.34355/Fukushima.Pref.CEC.00014,70,2015,8,25,12,0,JST,2015.649087,N,1,37,42,57,37.71583333,E,1,140,50,22,140.8394444,1,106.5,m,Suspended Matter,137Cs,=,"17,614 ",204 ,Bq kg-1,134Cs,=,"4,579 ",118 ,Bq kg-1,river,Mano,W0700090001,34,Day,0.30 ,g,7
10.34355/Fukushima.Pref.CEC.00014,71,2016,2,16,12,0,JST,2016.124429,N,1,37,42,57,37.71583333,E,1,140,50,22,140.8394444,1,106.5,m,Suspended Matter,137Cs,=,"2,687 ",618 ,Bq kg-1,134Cs,<,"1,838 ",,Bq kg-1,river,Mano,W0700090001,28,Day,0.02 ,g,7
10.34355/Fukushima.Pref.CEC.00014,72,2016,4,8,12,0,JST,2016.269178,N,1,37,42,57,37.71583333,E,1,140,50,22,140.8394444,1,106.5,m,Suspended Matter,137Cs,=,"3,110 ",137 ,Bq kg-1,134Cs,=,627 ,111 ,Bq kg-1,river,Mano,W0700090001,52,Day,0.11 ,g,7
10.34355/Fukushima.Pref.CEC.00014,73,2016,6,21,12,0,JST,2016.471461,N,1,37,42,57,37.71583333,E,1,140,50,22,140.8394444,1,106.5,m,Suspended Matter,137Cs,=,"7,411 ",132 ,Bq kg-1,134Cs,=,"1,726 ",80 ,Bq kg-1,river,Mano,W0700090001,74,Day,0.24 ,g,7
10.34355/Fukushima.Pref.CEC.00014,74,2016,7,28,12,0,JST,2016.573973,N,1,37,42,57,37.71583333,E,1,140,50,22,140.8394444,1,106.5,m,Suspended Matter,137Cs,=,"6,619 ",322 ,Bq kg-1,134Cs,=,"1,075 ",192 ,Bq kg-1,river,Mano,W0700090001,37,Day,0.19 ,g,7
10.34355/Fukushima.Pref.CEC.00014,75,2016,10,17,12,0,JST,2016.793836,N,1,37,42,57,37.71583333,E,1,140,50,22,140.8394444,1,106.5,m,Suspended Matter,137Cs,=,"6,390 ",106 ,Bq kg-1,134Cs,=,"1,126 ",47 ,Bq kg-1,river,Mano,W0700090001,81,Day,24.19 ,g,7
10.34355/Fukushima.Pref.CEC.00014,76,2016,12,20,12,0,JST,2016.968721,N,1,37,42,57,37.71583333,E,1,140,50,22,140.8394444,1,106.5,m,Suspended Matter,137Cs,=,"3,890 ",101 ,Bq kg-1,134Cs,=,622 ,65 ,Bq kg-1,river,Mano,W0700090001,64,Day,0.23 ,g,7
10.34355/Fukushima.Pref.CEC.00014,77,2017,2,27,12,0,JST,2017.154566,N,1,37,42,57,37.71583333,E,1,140,50,22,140.8394444,1,106.5,m,Suspended Matter,137Cs,<,"1,009 ",,Bq kg-1,134Cs,<,"1,243 ",,Bq kg-1,river,Mano,W0700090001,69,Day,0.03 ,g,7
10.34355/Fukushima.Pref.CEC.00014,78,2015,4,17,12,0,JST,2015.293836,N,1,37,42,42,37.71166667,E,1,140,57,19,140.9552778,1,10,m,Suspended Matter,137Cs,=,"4,253 ",125 ,Bq kg-1,134Cs,=,"1,194 ",77 ,Bq kg-1,river,Mano,W0700090001,94,Day,1.98 ,g,8
10.34355/Fukushima.Pref.CEC.00014,79,2015,6,17,12,0,JST,2015.460502,N,1,37,42,42,37.71166667,E,1,140,57,19,140.9552778,1,10,m,Suspended Matter,137Cs,=,"3,880 ",137 ,Bq kg-1,134Cs,=,"1,020 ",78 ,Bq kg-1,river,Mano,W0700090001,61,Day,4.66 ,g,8
10.34355/Fukushima.Pref.CEC.00014,80,2015,7,22,12,0,JST,2015.557534,N,1,37,42,42,37.71166667,E,1,140,57,19,140.9552778,1,10,m,Suspended Matter,137Cs,=,"4,175 ",74 ,Bq kg-1,134Cs,=,"1,105 ",38 ,Bq kg-1,river,Mano,W0700090001,35,Day,23.29 ,g,8
10.34355/Fukushima.Pref.CEC.00014,81,2015,8,25,12,0,JST,2015.649087,N,1,37,42,42,37.71166667,E,1,140,57,19,140.9552778,1,10,m,Suspended Matter,137Cs,=,"3,663 ",94 ,Bq kg-1,134Cs,=,957 ,48 ,Bq kg-1,river,Mano,W0700090001,34,Day,10.03 ,g,8
10.34355/Fukushima.Pref.CEC.00014,82,2015,11,5,12,0,JST,2015.844292,N,1,37,42,42,37.71166667,E,1,140,57,19,140.9552778,1,10,m,Suspended Matter,137Cs,=,"4,963 ",59 ,Bq kg-1,134Cs,=,"1,141 ",29 ,Bq kg-1,river,Mano,W0700090001,72,Day,31.18 ,g,8
10.34355/Fukushima.Pref.CEC.00014,83,2015,11,24,12,0,JST,2015.896347,N,1,37,42,42,37.71166667,E,1,140,57,19,140.9552778,1,10,m,Suspended Matter,137Cs,=,"3,056 ",24 ,Bq kg-1,134Cs,=,715 ,12 ,Bq kg-1,river,Mano,W0700090001,19,Day,6.88 ,g,8
10.34355/Fukushima.Pref.CEC.00014,84,2016,2,16,12,0,JST,2016.124429,N,1,37,42,42,37.71166667,E,1,140,57,19,140.9552778,1,10,m,Suspended Matter,137Cs,=,"3,095 ",81 ,Bq kg-1,134Cs,=,611 ,47 ,Bq kg-1,river,Mano,W0700090001,84,Day,0.88 ,g,8
10.34355/Fukushima.Pref.CEC.00014,85,2016,4,11,12,0,JST,2016.277397,N,1,37,42,42,37.71166667,E,1,140,57,19,140.9552778,1,10,m,Suspended Matter,137Cs,=,821 ,85 ,Bq kg-1,134Cs,=,225 ,61 ,Bq kg-1,river,Mano,W0700090001,55,Day,0.80 ,g,8
10.34355/Fukushima.Pref.CEC.00014,86,2016,6,21,12,0,JST,2016.471461,N,1,37,42,42,37.71166667,E,1,140,57,19,140.9552778,1,10,m,Suspended Matter,137Cs,=,"2,081 ",185 ,Bq kg-1,134Cs,=,395 ,101 ,Bq kg-1,river,Mano,W0700090001,71,Day,0.96 ,g,8
10.34355/Fukushima.Pref.CEC.00014,87,2016,7,28,12,0,JST,2016.573973,N,1,37,42,42,37.71166667,E,1,140,57,19,140.9552778,1,10,m,Suspended Matter,137Cs,=,"2,555 ",107 ,Bq kg-1,134Cs,=,424 ,53 ,Bq kg-1,river,Mano,W0700090001,37,Day,2.15 ,g,8
10.34355/Fukushima.Pref.CEC.00014,88,2016,10,17,12,0,JST,2016.793836,N,1,37,42,42,37.71166667,E,1,140,57,19,140.9552778,1,10,m,Suspended Matter,137Cs,=,"2,154 ",53 ,Bq kg-1,134Cs,=,354 ,22 ,Bq kg-1,river,Mano,W0700090001,81,Day,35.86 ,g,8
10.34355/Fukushima.Pref.CEC.00014,89,2016,12,20,12,0,JST,2016.968721,N,1,37,42,42,37.71166667,E,1,140,57,19,140.9552778,1,10,m,Suspended Matter,137Cs,=,"2,624 ",125 ,Bq kg-1,134Cs,=,418 ,70 ,Bq kg-1,river,Mano,W0700090001,64,Day,0.70 ,g,8
10.34355/Fukushima.Pref.CEC.00014,90,2017,2,27,12,0,JST,2017.154566,N,1,37,42,42,37.71166667,E,1,140,57,19,140.9552778,1,10,m,Suspended Matter,137Cs,=,"2,058 ",166 ,Bq kg-1,134Cs,<,411 ,,Bq kg-1,river,Mano,W0700090001,69,Day,0.18 ,g,8
10.34355/Fukushima.Pref.CEC.00014,91,2015,5,1,12,0,JST,2015.333333,N,1,36,55,3,36.9175,E,1,140,46,43,140.7786111,1,3.6,m,Suspended Matter,137Cs,=,633 ,26 ,Bq kg-1,134Cs,=,193 ,21 ,Bq kg-1,river,Same,W0700350001,108,Day,0.85 ,g,9
10.34355/Fukushima.Pref.CEC.00014,92,2015,6,3,12,0,JST,2015.422146,N,1,36,55,3,36.9175,E,1,140,46,43,140.7786111,1,3.6,m,Suspended Matter,137Cs,=,219 ,10 ,Bq kg-1,134Cs,=,75 ,8 ,Bq kg-1,river,Same,W0700350001,33,Day,1.63 ,g,9
10.34355/Fukushima.Pref.CEC.00014,93,2015,8,4,12,0,JST,2015.591553,N,1,36,55,3,36.9175,E,1,140,46,43,140.7786111,1,3.6,m,Suspended Matter,137Cs,=,961 ,79 ,Bq kg-1,134Cs,=,282 ,59 ,Bq kg-1,river,Same,W0700350001,62,Day,0.67 ,g,9
10.34355/Fukushima.Pref.CEC.00014,94,2015,9,1,12,0,JST,2015.666667,N,1,36,55,3,36.9175,E,1,140,46,43,140.7786111,1,3.6,m,Suspended Matter,137Cs,=,278 ,23 ,Bq kg-1,134Cs,=,75 ,21 ,Bq kg-1,river,Same,W0700350001,28,Day,0.74 ,g,9
10.34355/Fukushima.Pref.CEC.00014,95,2015,10,13,12,0,JST,2015.782877,N,1,36,55,3,36.9175,E,1,140,46,43,140.7786111,1,3.6,m,Suspended Matter,137Cs,=,407 ,17 ,Bq kg-1,134Cs,=,100 ,12 ,Bq kg-1,river,Same,W0700350001,42,Day,2.01 ,g,9
10.34355/Fukushima.Pref.CEC.00014,96,2015,11,25,12,0,JST,2015.899087,N,1,36,55,3,36.9175,E,1,140,46,43,140.7786111,1,3.6,m,Suspended Matter,137Cs,=,118 ,12 ,Bq kg-1,134Cs,<,44 ,,Bq kg-1,river,Same,W0700350001,43,Day,0.38 ,g,9
10.34355/Fukushima.Pref.CEC.00014,97,2016,1,14,12,0,JST,2016.035616,N,1,36,55,3,36.9175,E,1,140,46,43,140.7786111,1,3.6,m,Suspended Matter,137Cs,=,292 ,21 ,Bq kg-1,134Cs,=,75 ,22 ,Bq kg-1,river,Same,W0700350001,50,Day,0.26 ,g,9
10.34355/Fukushima.Pref.CEC.00014,98,2016,2,22,12,0,JST,2016.140868,N,1,36,55,3,36.9175,E,1,140,46,43,140.7786111,1,3.6,m,Suspended Matter,137Cs,=,345 ,19 ,Bq kg-1,134Cs,=,107 ,20 ,Bq kg-1,river,Same,W0700350001,39,Day,0.27 ,g,9
10.34355/Fukushima.Pref.CEC.00014,99,2016,4,7,12,0,JST,2016.266438,N,1,36,55,3,36.9175,E,1,140,46,43,140.7786111,1,3.6,m,Suspended Matter,137Cs,=,212 ,54 ,Bq kg-1,134Cs,<,253 ,,Bq kg-1,river,Same,W0700350001,45,Day,0.19 ,g,9
10.34355/Fukushima.Pref.CEC.00014,100,2016,6,7,12,0,JST,2016.433105,N,1,36,55,3,36.9175,E,1,140,46,43,140.7786111,1,3.6,m,Suspended Matter,137Cs,=,204 ,46 ,Bq kg-1,134Cs,<,211 ,,Bq kg-1,river,Same,W0700350001,61,Day,0.22 ,g,9
10.34355/Fukushima.Pref.CEC.00014,101,2016,8,2,12,0,JST,2016.586073,N,1,36,55,3,36.9175,E,1,140,46,43,140.7786111,1,3.6,m,Suspended Matter,137Cs,=,181 ,21 ,Bq kg-1,134Cs,<,84 ,,Bq kg-1,river,Same,W0700350001,56,Day,0.55 ,g,9
10.34355/Fukushima.Pref.CEC.00014,102,2016,9,30,12,0,JST,2016.746119,N,1,36,55,3,36.9175,E,1,140,46,43,140.7786111,1,3.6,m,Suspended Matter,137Cs,=,336 ,30 ,Bq kg-1,134Cs,<,77 ,,Bq kg-1,river,Same,W0700350001,59,Day,1.43 ,g,9
10.34355/Fukushima.Pref.CEC.00014,103,2017,1,19,12,0,JST,2017.049315,N,1,36,55,3,36.9175,E,1,140,46,43,140.7786111,1,3.6,m,Suspended Matter,137Cs,=,429 ,39 ,Bq kg-1,134Cs,<,132 ,,Bq kg-1,river,Same,W0700350001,111,Day,0.35 ,g,9
10.34355/Fukushima.Pref.CEC.00014,104,2017,2,27,12,0,JST,2017.154566,N,1,36,55,3,36.9175,E,1,140,46,43,140.7786111,1,3.6,m,Suspended Matter,137Cs,=,140 ,44 ,Bq kg-1,134Cs,<,166 ,,Bq kg-1,river,Same,W0700350001,39,Day,0.21 ,g,9
10.34355/Fukushima.Pref.CEC.00014,105,2015,5,1,12,0,JST,2015.333333,N,1,36,57,3,36.95083333,E,1,140,52,35,140.8763889,1,3.4,m,Suspended Matter,137Cs,=,980 ,25 ,Bq kg-1,134Cs,=,300 ,15 ,Bq kg-1,river,Fujiwara,W0700330001,108,Day,13.72 ,g,10
10.34355/Fukushima.Pref.CEC.00014,106,2015,6,3,12,0,JST,2015.422146,N,1,36,57,3,36.95083333,E,1,140,52,35,140.8763889,1,3.4,m,Suspended Matter,137Cs,=,571 ,38 ,Bq kg-1,134Cs,=,174 ,27 ,Bq kg-1,river,Fujiwara,W0700330001,33,Day,3.07 ,g,10
10.34355/Fukushima.Pref.CEC.00014,107,2015,8,4,12,0,JST,2015.591553,N,1,36,57,3,36.95083333,E,1,140,52,35,140.8763889,1,3.4,m,Suspended Matter,137Cs,=,668 ,37 ,Bq kg-1,134Cs,=,158 ,20 ,Bq kg-1,river,Fujiwara,W0700330001,62,Day,12.13 ,g,10
10.34355/Fukushima.Pref.CEC.00014,108,2015,9,1,12,0,JST,2015.666667,N,1,36,57,3,36.95083333,E,1,140,52,35,140.8763889,1,3.4,m,Suspended Matter,137Cs,=,986 ,52 ,Bq kg-1,134Cs,=,280 ,33 ,Bq kg-1,river,Fujiwara,W0700330001,28,Day,2.92 ,g,10
10.34355/Fukushima.Pref.CEC.00014,109,2015,10,13,12,0,JST,2015.782877,N,1,36,57,3,36.95083333,E,1,140,52,35,140.8763889,1,3.4,m,Suspended Matter,137Cs,=,705 ,30 ,Bq kg-1,134Cs,=,173 ,15 ,Bq kg-1,river,Fujiwara,W0700330001,42,Day,23.87 ,g,10
10.34355/Fukushima.Pref.CEC.00014,110,2015,11,25,12,0,JST,2015.899087,N,1,36,57,3,36.95083333,E,1,140,52,35,140.8763889,1,3.4,m,Suspended Matter,137Cs,=,373 ,26 ,Bq kg-1,134Cs,=,81 ,15 ,Bq kg-1,river,Fujiwara,W0700330001,43,Day,7.22 ,g,10
10.34355/Fukushima.Pref.CEC.00014,111,2016,1,14,12,0,JST,2016.035616,N,1,36,57,3,36.95083333,E,1,140,52,35,140.8763889,1,3.4,m,Suspended Matter,137Cs,=,444 ,11 ,Bq kg-1,134Cs,=,104 ,7 ,Bq kg-1,river,Fujiwara,W0700330001,50,Day,1.39 ,g,10
10.34355/Fukushima.Pref.CEC.00014,112,2016,2,22,12,0,JST,2016.140868,N,1,36,57,3,36.95083333,E,1,140,52,35,140.8763889,1,3.4,m,Suspended Matter,137Cs,=,232 ,16 ,Bq kg-1,134Cs,=,56 ,13 ,Bq kg-1,river,Fujiwara,W0700330001,39,Day,0.82 ,g,10
10.34355/Fukushima.Pref.CEC.00014,113,2016,4,7,12,0,JST,2016.266438,N,1,36,57,3,36.95083333,E,1,140,52,35,140.8763889,1,3.4,m,Suspended Matter,137Cs,=,248 ,21 ,Bq kg-1,134Cs,=,87 ,28 ,Bq kg-1,river,Fujiwara,W0700330001,45,Day,0.62 ,g,10
10.34355/Fukushima.Pref.CEC.00014,114,2016,6,7,12,0,JST,2016.433105,N,1,36,57,3,36.95083333,E,1,140,52,35,140.8763889,1,3.4,m,Suspended Matter,137Cs,=,688 ,40 ,Bq kg-1,134Cs,=,94 ,25 ,Bq kg-1,river,Fujiwara,W0700330001,61,Day,4.37 ,g,10
10.34355/Fukushima.Pref.CEC.00014,115,2016,8,2,12,0,JST,2016.586073,N,1,36,57,3,36.95083333,E,1,140,52,35,140.8763889,1,3.4,m,Suspended Matter,137Cs,=,468 ,32 ,Bq kg-1,134Cs,=,113 ,28 ,Bq kg-1,river,Fujiwara,W0700330001,56,Day,2.08 ,g,10
10.34355/Fukushima.Pref.CEC.00014,116,2016,9,30,12,0,JST,2016.746119,N,1,36,57,3,36.95083333,E,1,140,52,35,140.8763889,1,3.4,m,Suspended Matter,137Cs,=,585 ,40 ,Bq kg-1,134Cs,<,88 ,,Bq kg-1,river,Fujiwara,W0700330001,59,Day,1.63 ,g,10
10.34355/Fukushima.Pref.CEC.00014,117,2017,1,19,12,0,JST,2017.049315,N,1,36,57,3,36.95083333,E,1,140,52,35,140.8763889,1,3.4,m,Suspended Matter,137Cs,=,742 ,44 ,Bq kg-1,134Cs,=,80 ,22 ,Bq kg-1,river,Fujiwara,W0700330001,111,Day,6.62 ,g,10
10.34355/Fukushima.Pref.CEC.00014,118,2017,2,27,12,0,JST,2017.154566,N,1,36,57,3,36.95083333,E,1,140,52,35,140.8763889,1,3.4,m,Suspended Matter,137Cs,=,445 ,33 ,Bq kg-1,134Cs,=,69 ,22 ,Bq kg-1,river,Fujiwara,W0700330001,39,Day,1.39 ,g,10
10.34355/Fukushima.Pref.CEC.00014,119,2015,4,23,12,0,JST,2015.310274,N,1,37,43,59,37.73305556,E,1,140,36,22,140.6061111,1,124.5,m,Suspended Matter,137Cs,=,"1,839 ",35 ,Bq kg-1,134Cs,=,498 ,20 ,Bq kg-1,river,Hirose,W8202010048,99,Day,26.29 ,g,11
10.34355/Fukushima.Pref.CEC.00014,120,2015,5,27,12,0,JST,2015.404566,N,1,37,43,59,37.73305556,E,1,140,36,22,140.6061111,1,124.5,m,Suspended Matter,137Cs,=,869 ,37 ,Bq kg-1,134Cs,=,204 ,20 ,Bq kg-1,river,Hirose,W8202010048,34,Day,15.28 ,g,11
10.34355/Fukushima.Pref.CEC.00014,121,2015,7,22,12,0,JST,2015.557534,N,1,37,43,59,37.73305556,E,1,140,36,22,140.6061111,1,124.5,m,Suspended Matter,137Cs,=,"1,634 ",42 ,Bq kg-1,134Cs,=,452 ,24 ,Bq kg-1,river,Hirose,W8202010048,56,Day,14.08 ,g,11
10.34355/Fukushima.Pref.CEC.00014,122,2015,8,25,12,0,JST,2015.649087,N,1,37,43,59,37.73305556,E,1,140,36,22,140.6061111,1,124.5,m,Suspended Matter,137Cs,=,"1,903 ",91 ,Bq kg-1,134Cs,=,486 ,55 ,Bq kg-1,river,Hirose,W8202010048,34,Day,1.43 ,g,11
10.34355/Fukushima.Pref.CEC.00014,123,2015,10,9,12,0,JST,2015.771918,N,1,37,43,59,37.73305556,E,1,140,36,22,140.6061111,1,124.5,m,Suspended Matter,137Cs,=,"3,369 ",70 ,Bq kg-1,134Cs,=,785 ,36 ,Bq kg-1,river,Hirose,W8202010048,45,Day,11.34 ,g,11
10.34355/Fukushima.Pref.CEC.00014,124,2016,1,20,12,0,JST,2016.052055,N,1,37,43,59,37.73305556,E,1,140,36,22,140.6061111,1,124.5,m,Suspended Matter,137Cs,=,911 ,32 ,Bq kg-1,134Cs,=,202 ,16 ,Bq kg-1,river,Hirose,W8202010048,103,Day,24.54 ,g,11
10.34355/Fukushima.Pref.CEC.00014,125,2016,2,15,12,0,JST,2016.121689,N,1,37,43,59,37.73305556,E,1,140,36,22,140.6061111,1,124.5,m,Suspended Matter,137Cs,=,312 ,25 ,Bq kg-1,134Cs,=,69 ,17 ,Bq kg-1,river,Hirose,W8202010048,26,Day,4.04 ,g,11
10.34355/Fukushima.Pref.CEC.00014,126,2016,2,15,12,0,JST,2016.121689,N,1,37,43,59,37.73305556,E,1,140,36,22,140.6061111,1,124.5,m,Suspended Matter,137Cs,=,474 ,15 ,Bq kg-1,134Cs,=,105 ,7 ,Bq kg-1,river,Hirose,W8202010048,26,Day,108.61 ,g,11
10.34355/Fukushima.Pref.CEC.00014,127,2016,4,19,12,0,JST,2016.299315,N,1,37,43,59,37.73305556,E,1,140,36,22,140.6061111,1,124.5,m,Suspended Matter,137Cs,=,494 ,26 ,Bq kg-1,134Cs,=,109 ,14 ,Bq kg-1,river,Hirose,W8202010048,64,Day,28.29 ,g,11
10.34355/Fukushima.Pref.CEC.00014,128,2016,4,19,12,0,JST,2016.299315,N,1,37,43,59,37.73305556,E,1,140,36,22,140.6061111,1,124.5,m,Suspended Matter,137Cs,=,321 ,15 ,Bq kg-1,134Cs,=,55 ,7 ,Bq kg-1,river,Hirose,W8202010048,64,Day,126.79 ,g,11
10.34355/Fukushima.Pref.CEC.00014,129,2016,5,31,12,0,JST,2016.415525,N,1,37,43,59,37.73305556,E,1,140,36,22,140.6061111,1,124.5,m,Suspended Matter,137Cs,=,935 ,29 ,Bq kg-1,134Cs,=,215 ,16 ,Bq kg-1,river,Hirose,W8202010048,42,Day,9.90 ,g,11
10.34355/Fukushima.Pref.CEC.00014,130,2016,5,31,12,0,JST,2016.415525,N,1,37,43,59,37.73305556,E,1,140,36,22,140.6061111,1,124.5,m,Suspended Matter,137Cs,=,"1,249 ",42 ,Bq kg-1,134Cs,=,239 ,19 ,Bq kg-1,river,Hirose,W8202010048,42,Day,29.61 ,g,11
10.34355/Fukushima.Pref.CEC.00014,131,2016,8,9,12,0,JST,2016.605251,N,1,37,43,59,37.73305556,E,1,140,36,22,140.6061111,1,124.5,m,Suspended Matter,137Cs,=,301 ,14 ,Bq kg-1,134Cs,=,57 ,6 ,Bq kg-1,river,Hirose,W8202010048,70,Day,19.39 ,g,11
10.34355/Fukushima.Pref.CEC.00014,132,2016,8,9,12,0,JST,2016.605251,N,1,37,43,59,37.73305556,E,1,140,36,22,140.6061111,1,124.5,m,Suspended Matter,137Cs,=,"2,565 ",71 ,Bq kg-1,134Cs,=,528 ,33 ,Bq kg-1,river,Hirose,W8202010048,70,Day,12.22 ,g,11
10.34355/Fukushima.Pref.CEC.00014,133,2015,5,28,12,0,JST,2015.407306,N,1,37,35,40,37.59444444,E,1,140,27,40,140.4611111,1,189.7,m,Suspended Matter,137Cs,=,"1,925 ",40 ,Bq kg-1,134Cs,=,536 ,21 ,Bq kg-1,river,Abukuma,W8202010001,134,Day,60.68 ,g,12
10.34355/Fukushima.Pref.CEC.00014,134,2015,7,23,12,0,JST,2015.560274,N,1,37,35,40,37.59444444,E,1,140,27,40,140.4611111,1,189.7,m,Suspended Matter,137Cs,=,"1,744 ",69 ,Bq kg-1,134Cs,=,416 ,36 ,Bq kg-1,river,Abukuma,W8202010001,56,Day,8.63 ,g,12
10.34355/Fukushima.Pref.CEC.00014,135,2015,10,8,12,0,JST,2015.769178,N,1,37,35,40,37.59444444,E,1,140,27,40,140.4611111,1,189.7,m,Suspended Matter,137Cs,=,"1,646 ",34 ,Bq kg-1,134Cs,=,393 ,17 ,Bq kg-1,river,Abukuma,W8202010001,77,Day,29.12 ,g,12
10.34355/Fukushima.Pref.CEC.00014,136,2015,12,4,12,0,JST,2015.924886,N,1,37,35,40,37.59444444,E,1,140,27,40,140.4611111,1,189.7,m,Suspended Matter,137Cs,=,915 ,56 ,Bq kg-1,134Cs,=,182 ,51 ,Bq kg-1,river,Abukuma,W8202010001,57,Day,0.29 ,g,12
10.34355/Fukushima.Pref.CEC.00014,137,2016,1,26,12,0,JST,2016.068493,N,1,37,35,40,37.59444444,E,1,140,27,40,140.4611111,1,189.7,m,Suspended Matter,137Cs,=,"1,713 ",53 ,Bq kg-1,134Cs,=,353 ,26 ,Bq kg-1,river,Abukuma,W8202010001,53,Day,16.82 ,g,12
10.34355/Fukushima.Pref.CEC.00014,138,2016,2,26,12,0,JST,2016.151826,N,1,37,35,40,37.59444444,E,1,140,27,40,140.4611111,1,189.7,m,Suspended Matter,137Cs,=,"2,697 ",74 ,Bq kg-1,134Cs,=,610 ,38 ,Bq kg-1,river,Abukuma,W8202010001,31,Day,1.95 ,g,12
10.34355/Fukushima.Pref.CEC.00014,139,2016,4,13,12,0,JST,2016.282877,N,1,37,35,40,37.59444444,E,1,140,27,40,140.4611111,1,189.7,m,Suspended Matter,137Cs,=,"3,320 ",281 ,Bq kg-1,134Cs,=,748 ,163 ,Bq kg-1,river,Abukuma,W8202010001,47,Day,1.22 ,g,12
10.34355/Fukushima.Pref.CEC.00014,140,2016,6,10,12,0,JST,2016.441324,N,1,37,35,40,37.59444444,E,1,140,27,40,140.4611111,1,189.7,m,Suspended Matter,137Cs,=,"2,884 ",102 ,Bq kg-1,134Cs,=,590 ,48 ,Bq kg-1,river,Abukuma,W8202010001,58,Day,7.09 ,g,12
10.34355/Fukushima.Pref.CEC.00014,141,2016,10,24,12,0,JST,2016.813014,N,1,37,35,40,37.59444444,E,1,140,27,40,140.4611111,1,189.7,m,Suspended Matter,137Cs,=,"1,535 ",41 ,Bq kg-1,134Cs,=,284 ,17 ,Bq kg-1,river,Abukuma,W8202010001,136,Day,62.68 ,g,12
10.34355/Fukushima.Pref.CEC.00014,142,2016,12,21,12,0,JST,2016.971461,N,1,37,35,40,37.59444444,E,1,140,27,40,140.4611111,1,189.7,m,Suspended Matter,137Cs,=,"2,062 ",72 ,Bq kg-1,134Cs,=,376 ,38 ,Bq kg-1,river,Abukuma,W8202010001,58,Day,1.21 ,g,12
10.34355/Fukushima.Pref.CEC.00014,143,2017,3,2,12,0,JST,2017.169406,N,1,37,35,40,37.59444444,E,1,140,27,40,140.4611111,1,189.7,m,Suspended Matter,137Cs,=,"1,945 ",123 ,Bq kg-1,134Cs,=,236 ,65 ,Bq kg-1,river,Abukuma,W8202010001,71,Day,1.25 ,g,12
10.34355/Fukushima.Pref.CEC.00014,144,2015,5,1,12,0,JST,2015.333333,N,1,37,20,47,37.34638889,E,1,140,22,25,140.3736111,1,229.8,m,Suspended Matter,137Cs,=,"1,355 ",44 ,Bq kg-1,134Cs,=,350 ,26 ,Bq kg-1,river,Abukuma,W8202010001,108,Day,5.77 ,g,13
10.34355/Fukushima.Pref.CEC.00014,145,2015,5,28,12,0,JST,2015.407306,N,1,37,20,47,37.34638889,E,1,140,22,25,140.3736111,1,229.8,m,Suspended Matter,137Cs,=,"3,135 ",149 ,Bq kg-1,134Cs,=,973 ,95 ,Bq kg-1,river,Abukuma,W8202010001,27,Day,1.05 ,g,13
10.34355/Fukushima.Pref.CEC.00014,146,2015,7,23,12,0,JST,2015.560274,N,1,37,20,47,37.34638889,E,1,140,22,25,140.3736111,1,229.8,m,Suspended Matter,137Cs,=,629 ,20 ,Bq kg-1,134Cs,=,173 ,10 ,Bq kg-1,river,Abukuma,W8202010001,56,Day,28.76 ,g,13
10.34355/Fukushima.Pref.CEC.00014,147,2015,8,27,12,0,JST,2015.654566,N,1,37,20,47,37.34638889,E,1,140,22,25,140.3736111,1,229.8,m,Suspended Matter,137Cs,=,"2,478 ",123 ,Bq kg-1,134Cs,=,704 ,77 ,Bq kg-1,river,Abukuma,W8202010001,35,Day,1.18 ,g,13
10.34355/Fukushima.Pref.CEC.00014,148,2015,10,6,12,0,JST,2015.763699,N,1,37,20,47,37.34638889,E,1,140,22,25,140.3736111,1,229.8,m,Suspended Matter,137Cs,=,497 ,17 ,Bq kg-1,134Cs,=,114 ,8 ,Bq kg-1,river,Abukuma,W8202010001,40,Day,93.46 ,g,13
10.34355/Fukushima.Pref.CEC.00014,149,2015,12,4,12,0,JST,2015.924886,N,1,37,20,47,37.34638889,E,1,140,22,25,140.3736111,1,229.8,m,Suspended Matter,137Cs,=,670 ,13 ,Bq kg-1,134Cs,=,151 ,9 ,Bq kg-1,river,Abukuma,W8202010001,59,Day,0.88 ,g,13
10.34355/Fukushima.Pref.CEC.00014,150,2016,1,28,12,0,JST,2016.073973,N,1,37,20,47,37.34638889,E,1,140,22,25,140.3736111,1,229.8,m,Suspended Matter,137Cs,=,"1,208 ",43 ,Bq kg-1,134Cs,=,257 ,21 ,Bq kg-1,river,Abukuma,W8202010001,55,Day,10.22 ,g,13
10.34355/Fukushima.Pref.CEC.00014,151,2016,2,22,12,0,JST,2016.140868,N,1,37,20,47,37.34638889,E,1,140,22,25,140.3736111,1,229.8,m,Suspended Matter,137Cs,=,327 ,22 ,Bq kg-1,134Cs,=,113 ,21 ,Bq kg-1,river,Abukuma,W8202010001,25,Day,0.23 ,g,13
10.34355/Fukushima.Pref.CEC.00014,152,2016,4,13,12,0,JST,2016.282877,N,1,37,20,47,37.34638889,E,1,140,22,25,140.3736111,1,229.8,m,Suspended Matter,137Cs,=,"2,851 ",162 ,Bq kg-1,134Cs,=,449 ,94 ,Bq kg-1,river,Abukuma,W8202010001,51,Day,0.63 ,g,13
10.34355/Fukushima.Pref.CEC.00014,153,2016,6,10,12,0,JST,2016.441324,N,1,37,20,47,37.34638889,E,1,140,22,25,140.3736111,1,229.8,m,Suspended Matter,137Cs,=,646 ,14 ,Bq kg-1,134Cs,=,143 ,11 ,Bq kg-1,river,Abukuma,W8202010001,58,Day,0.63 ,g,13
10.34355/Fukushima.Pref.CEC.00014,154,2016,8,5,12,0,JST,2016.594292,N,1,37,20,47,37.34638889,E,1,140,22,25,140.3736111,1,229.8,m,Suspended Matter,137Cs,=,"1,477 ",66 ,Bq kg-1,134Cs,=,276 ,38 ,Bq kg-1,river,Abukuma,W8202010001,56,Day,2.16 ,g,13
10.34355/Fukushima.Pref.CEC.00014,155,2015,5,1,12,0,JST,2015.333333,N,1,37,17,19,37.28861111,E,1,140,21,16,140.3544444,1,238.3,m,Suspended Matter,137Cs,=,"1,485 ",42 ,Bq kg-1,134Cs,=,412 ,25 ,Bq kg-1,river,Shakado,W8202010232,108,Day,6.83 ,g,14
10.34355/Fukushima.Pref.CEC.00014,156,2015,5,28,12,0,JST,2015.407306,N,1,37,17,19,37.28861111,E,1,140,21,16,140.3544444,1,238.3,m,Suspended Matter,137Cs,=,984 ,29 ,Bq kg-1,134Cs,=,230 ,21 ,Bq kg-1,river,Shakado,W8202010232,27,Day,0.72 ,g,14
10.34355/Fukushima.Pref.CEC.00014,157,2015,7,23,12,0,JST,2015.560274,N,1,37,17,19,37.28861111,E,1,140,21,16,140.3544444,1,238.3,m,Suspended Matter,137Cs,=,"1,034 ",28 ,Bq kg-1,134Cs,=,269 ,14 ,Bq kg-1,river,Shakado,W8202010232,56,Day,49.47 ,g,14
10.34355/Fukushima.Pref.CEC.00014,158,2015,8,27,12,0,JST,2015.654566,N,1,37,17,19,37.28861111,E,1,140,21,16,140.3544444,1,238.3,m,Suspended Matter,137Cs,=,"2,857 ",131 ,Bq kg-1,134Cs,=,686 ,70 ,Bq kg-1,river,Shakado,W8202010232,35,Day,2.02 ,g,14
10.34355/Fukushima.Pref.CEC.00014,159,2015,10,6,12,0,JST,2015.763699,N,1,37,17,19,37.28861111,E,1,140,21,16,140.3544444,1,238.3,m,Suspended Matter,137Cs,=,"1,417 ",37 ,Bq kg-1,134Cs,=,329 ,20 ,Bq kg-1,river,Shakado,W8202010232,40,Day,17.55 ,g,14
10.34355/Fukushima.Pref.CEC.00014,160,2015,12,4,12,0,JST,2015.924886,N,1,37,17,19,37.28861111,E,1,140,21,16,140.3544444,1,238.3,m,Suspended Matter,137Cs,=,"1,940 ",103 ,Bq kg-1,134Cs,=,461 ,65 ,Bq kg-1,river,Shakado,W8202010232,59,Day,0.74 ,g,14
10.34355/Fukushima.Pref.CEC.00014,161,2016,1,28,12,0,JST,2016.073973,N,1,37,17,19,37.28861111,E,1,140,21,16,140.3544444,1,238.3,m,Suspended Matter,137Cs,=,"1,464 ",80 ,Bq kg-1,134Cs,=,287 ,45 ,Bq kg-1,river,Shakado,W8202010232,55,Day,1.72 ,g,14
10.34355/Fukushima.Pref.CEC.00014,162,2016,2,22,12,0,JST,2016.140868,N,1,37,17,19,37.28861111,E,1,140,21,16,140.3544444,1,238.3,m,Suspended Matter,137Cs,=,"1,182 ",180 ,Bq kg-1,134Cs,<,553 ,,Bq kg-1,river,Shakado,W8202010232,25,Day,0.07 ,g,14
10.34355/Fukushima.Pref.CEC.00014,163,2016,4,7,12,0,JST,2016.266438,N,1,37,17,19,37.28861111,E,1,140,21,16,140.3544444,1,238.3,m,Suspended Matter,137Cs,=,986 ,73 ,Bq kg-1,134Cs,=,147 ,49 ,Bq kg-1,river,Shakado,W8202010232,45,Day,0.86 ,g,14
10.34355/Fukushima.Pref.CEC.00014,164,2016,5,27,12,0,JST,2016.404566,N,1,37,17,19,37.28861111,E,1,140,21,16,140.3544444,1,238.3,m,Suspended Matter,137Cs,=,"2,839 ",179 ,Bq kg-1,134Cs,=,581 ,100 ,Bq kg-1,river,Shakado,W8202010232,50,Day,1.27 ,g,14
10.34355/Fukushima.Pref.CEC.00014,165,2016,12,20,12,0,JST,2016.968721,N,1,37,17,19,37.28861111,E,1,140,21,16,140.3544444,1,238.3,m,Suspended Matter,137Cs,=,"1,538 ",31 ,Bq kg-1,134Cs,=,267 ,17 ,Bq kg-1,river,Shakado,W8202010232,74,Day,0.99 ,g,14
10.34355/Fukushima.Pref.CEC.00014,166,2017,2,27,12,0,JST,2017.154566,N,1,37,17,19,37.28861111,E,1,140,21,16,140.3544444,1,238.3,m,Suspended Matter,137Cs,=,246 ,18 ,Bq kg-1,134Cs,=,40 ,12 ,Bq kg-1,river,Shakado,W8202010232,69,Day,3.52 ,g,14
10.34355/Fukushima.Pref.CEC.00014,167,2015,4,17,12,0,JST,2015.293836,N,1,37,38,40,37.64444444,E,1,140,57,26,140.9572222,1,18.5,m,Suspended Matter,137Cs,=,"8,283 ",64 ,Bq kg-1,134Cs,=,"2,323 ",35 ,Bq kg-1,river,Mizunashi,W0700100004,94,Day,52.57 ,g,15
10.34355/Fukushima.Pref.CEC.00014,168,2015,6,17,12,0,JST,2015.460502,N,1,37,38,40,37.64444444,E,1,140,57,26,140.9572222,1,18.5,m,Suspended Matter,137Cs,=,"13,442 ",99 ,Bq kg-1,134Cs,=,"3,625 ",52 ,Bq kg-1,river,Mizunashi,W0700100004,61,Day,34.21 ,g,15
10.34355/Fukushima.Pref.CEC.00014,169,2015,7,28,12,0,JST,2015.573973,N,1,37,38,40,37.64444444,E,1,140,57,26,140.9572222,1,18.5,m,Suspended Matter,137Cs,=,"7,251 ",78 ,Bq kg-1,134Cs,=,"1,853 ",39 ,Bq kg-1,river,Mizunashi,W0700100004,41,Day,43.26 ,g,15
10.34355/Fukushima.Pref.CEC.00014,170,2015,8,28,12,0,JST,2015.657306,N,1,37,38,40,37.64444444,E,1,140,57,26,140.9572222,1,18.5,m,Suspended Matter,137Cs,=,"9,521 ",91 ,Bq kg-1,134Cs,=,"2,423 ",48 ,Bq kg-1,river,Mizunashi,W0700100004,31,Day,20.25 ,g,15
10.34355/Fukushima.Pref.CEC.00014,171,2015,10,23,12,0,JST,2015.810274,N,1,37,38,40,37.64444444,E,1,140,57,26,140.9572222,1,18.5,m,Suspended Matter,137Cs,=,"1,889 ",29 ,Bq kg-1,134Cs,=,418 ,13 ,Bq kg-1,river,Mizunashi,W0700100004,56,Day,124.41 ,g,15
10.34355/Fukushima.Pref.CEC.00014,172,2015,12,21,12,0,JST,2015.971461,N,1,37,38,40,37.64444444,E,1,140,57,26,140.9572222,1,18.5,m,Suspended Matter,137Cs,=,"6,057 ",109 ,Bq kg-1,134Cs,=,"1,481 ",55 ,Bq kg-1,river,Mizunashi,W0700100004,59,Day,6.35 ,g,15
10.34355/Fukushima.Pref.CEC.00014,173,2016,2,16,12,0,JST,2016.124429,N,1,37,38,40,37.64444444,E,1,140,57,26,140.9572222,1,18.5,m,Suspended Matter,137Cs,=,"6,443 ",134 ,Bq kg-1,134Cs,=,"1,400 ",65 ,Bq kg-1,river,Mizunashi,W0700100004,57,Day,4.48 ,g,15
10.34355/Fukushima.Pref.CEC.00014,174,2016,4,8,12,0,JST,2016.269178,N,1,37,38,40,37.64444444,E,1,140,57,26,140.9572222,1,18.5,m,Suspended Matter,137Cs,=,"6,145 ",259 ,Bq kg-1,134Cs,=,"1,350 ",135 ,Bq kg-1,river,Mizunashi,W0700100004,52,Day,2.35 ,g,15
10.34355/Fukushima.Pref.CEC.00014,175,2016,6,10,12,0,JST,2016.441324,N,1,37,38,40,37.64444444,E,1,140,57,26,140.9572222,1,18.5,m,Suspended Matter,137Cs,=,"6,054 ",190 ,Bq kg-1,134Cs,=,"1,109 ",86 ,Bq kg-1,river,Mizunashi,W0700100004,63,Day,4.79 ,g,15
10.34355/Fukushima.Pref.CEC.00014,176,2016,8,19,12,0,JST,2016.632648,N,1,37,38,40,37.64444444,E,1,140,57,26,140.9572222,1,18.5,m,Suspended Matter,137Cs,=,"7,916 ",153 ,Bq kg-1,134Cs,=,"1,520 ",71 ,Bq kg-1,river,Mizunashi,W0700100004,70,Day,11.02 ,g,15
10.34355/Fukushima.Pref.CEC.00014,177,2016,12,20,12,0,JST,2016.968721,N,1,37,38,40,37.64444444,E,1,140,57,26,140.9572222,1,18.5,m,Suspended Matter,137Cs,=,"7,029 ",265 ,Bq kg-1,134Cs,=,"1,230 ",121 ,Bq kg-1,river,Mizunashi,W0700100004,54,Day,2.81 ,g,15
10.34355/Fukushima.Pref.CEC.00014,178,2017,3,2,12,0,JST,2017.169406,N,1,37,38,40,37.64444444,E,1,140,57,26,140.9572222,1,18.5,m,Suspended Matter,137Cs,=,"5,615 ",278 ,Bq kg-1,134Cs,=,791 ,142 ,Bq kg-1,river,Mizunashi,W0700100004,72,Day,0.80 ,g,15
10.34355/Fukushima.Pref.CEC.00014,179,2015,4,23,12,0,JST,2015.310274,N,1,37,40,46,37.67944444,E,1,140,36,54,140.615,1,183.9,m,Suspended Matter,137Cs,=,"2,908 ",43 ,Bq kg-1,134Cs,=,754 ,23 ,Bq kg-1,river,Hirose,W8202010048,98,Day,32.98 ,g,16
10.34355/Fukushima.Pref.CEC.00014,180,2015,5,27,12,0,JST,2015.404566,N,1,37,40,46,37.67944444,E,1,140,36,54,140.615,1,183.9,m,Suspended Matter,137Cs,=,"3,398 ",63 ,Bq kg-1,134Cs,=,946 ,36 ,Bq kg-1,river,Hirose,W8202010048,34,Day,14.21 ,g,16
10.34355/Fukushima.Pref.CEC.00014,181,2015,7,24,12,0,JST,2015.563014,N,1,37,40,46,37.67944444,E,1,140,36,54,140.615,1,183.9,m,Suspended Matter,137Cs,=,"3,234 ",48 ,Bq kg-1,134Cs,=,783 ,24 ,Bq kg-1,river,Hirose,W8202010048,58,Day,72.39 ,g,16
10.34355/Fukushima.Pref.CEC.00014,182,2015,8,28,12,0,JST,2015.657306,N,1,37,40,46,37.67944444,E,1,140,36,54,140.615,1,183.9,m,Suspended Matter,137Cs,=,"3,687 ",48 ,Bq kg-1,134Cs,=,936 ,24 ,Bq kg-1,river,Hirose,W8202010048,35,Day,41.24 ,g,16
10.34355/Fukushima.Pref.CEC.00014,183,2015,10,9,12,0,JST,2015.771918,N,1,37,40,46,37.67944444,E,1,140,36,54,140.615,1,183.9,m,Suspended Matter,137Cs,=,837 ,16 ,Bq kg-1,134Cs,=,195 ,8 ,Bq kg-1,river,Hirose,W8202010048,42,Day,108.22 ,g,16
10.34355/Fukushima.Pref.CEC.00014,184,2016,2,15,12,0,JST,2016.121689,N,1,37,40,46,37.67944444,E,1,140,36,54,140.615,1,183.9,m,Suspended Matter,137Cs,=,639 ,43 ,Bq kg-1,134Cs,=,136 ,22 ,Bq kg-1,river,Hirose,W8202010048,26,Day,4.42 ,g,16
10.34355/Fukushima.Pref.CEC.00014,185,2016,4,19,12,0,JST,2016.299315,N,1,37,40,46,37.67944444,E,1,140,36,54,140.615,1,183.9,m,Suspended Matter,137Cs,=,773 ,58 ,Bq kg-1,134Cs,=,183 ,33 ,Bq kg-1,river,Hirose,W8202010048,64,Day,6.77 ,g,16
10.34355/Fukushima.Pref.CEC.00014,186,2016,5,31,12,0,JST,2016.415525,N,1,37,40,46,37.67944444,E,1,140,36,54,140.615,1,183.9,m,Suspended Matter,137Cs,=,"2,305 ",71 ,Bq kg-1,134Cs,=,448 ,34 ,Bq kg-1,river,Hirose,W8202010048,42,Day,17.56 ,g,16
10.34355/Fukushima.Pref.CEC.00014,187,2016,8,9,12,0,JST,2016.605251,N,1,37,40,46,37.67944444,E,1,140,36,54,140.615,1,183.9,m,Suspended Matter,137Cs,=,"1,590 ",48 ,Bq kg-1,134Cs,=,297 ,22 ,Bq kg-1,river,Hirose,W8202010048,70,Day,31.49 ,g,16
10.34355/Fukushima.Pref.CEC.00014,188,2016,10,3,12,0,JST,2016.755479,N,1,37,40,46,37.67944444,E,1,140,36,54,140.615,1,183.9,m,Suspended Matter,137Cs,=,893 ,25 ,Bq kg-1,134Cs,=,157 ,11 ,Bq kg-1,river,Hirose,W8202010048,55,Day,97.40 ,g,16
10.34355/Fukushima.Pref.CEC.00014,189,2016,12,21,12,0,JST,2016.971461,N,1,37,40,46,37.67944444,E,1,140,36,54,140.615,1,183.9,m,Suspended Matter,137Cs,=,"1,526 ",39 ,Bq kg-1,134Cs,=,222 ,15 ,Bq kg-1,river,Hirose,W8202010048,79,Day,63.96 ,g,16
10.34355/Fukushima.Pref.CEC.00014,190,2017,3,1,12,0,JST,2017.166667,N,1,37,40,46,37.67944444,E,1,140,36,54,140.615,1,183.9,m,Suspended Matter,137Cs,=,"1,197 ",59 ,Bq kg-1,134Cs,=,161 ,29 ,Bq kg-1,river,Hirose,W8202010048,70,Day,3.32 ,g,16
10.34355/Fukushima.Pref.CEC.00014,191,2015,6,2,12,0,JST,2015.419406,N,1,37,55,18,37.92166667,E,1,140,45,44,140.7622222,1,16.6,m,Suspended Matter,137Cs,=,"1,557 ",43 ,Bq kg-1,134Cs,=,434 ,25 ,Bq kg-1,river,Abukuma,W8202010001,140,Day,12.91 ,g,17
10.34355/Fukushima.Pref.CEC.00014,192,2015,7,15,12,0,JST,2015.538356,N,1,37,55,18,37.92166667,E,1,140,45,44,140.7622222,1,16.6,m,Suspended Matter,137Cs,=,"1,256 ",46 ,Bq kg-1,134Cs,=,334 ,26 ,Bq kg-1,river,Abukuma,W8202010001,43,Day,14.13 ,g,17
10.34355/Fukushima.Pref.CEC.00014,193,2015,8,24,12,0,JST,2015.646347,N,1,37,55,18,37.92166667,E,1,140,45,44,140.7622222,1,16.6,m,Suspended Matter,137Cs,=,"1,205 ",23 ,Bq kg-1,134Cs,=,303 ,12 ,Bq kg-1,river,Abukuma,W8202010001,40,Day,48.37 ,g,17
10.34355/Fukushima.Pref.CEC.00014,194,2015,10,14,12,0,JST,2015.785616,N,1,37,55,18,37.92166667,E,1,140,45,44,140.7622222,1,16.6,m,Suspended Matter,137Cs,=,"1,223 ",34 ,Bq kg-1,134Cs,=,310 ,18 ,Bq kg-1,river,Abukuma,W8202010001,51,Day,17.03 ,g,17
10.34355/Fukushima.Pref.CEC.00014,195,2016,1,15,12,0,JST,2016.038356,N,1,37,55,18,37.92166667,E,1,140,45,44,140.7622222,1,16.6,m,Suspended Matter,137Cs,=,791 ,30 ,Bq kg-1,134Cs,=,177 ,16 ,Bq kg-1,river,Abukuma,W8202010001,52,Day,6.71 ,g,17
10.34355/Fukushima.Pref.CEC.00014,196,2016,4,11,12,0,JST,2016.277397,N,1,37,55,18,37.92166667,E,1,140,45,44,140.7622222,1,16.6,m,Suspended Matter,137Cs,=,717 ,63 ,Bq kg-1,134Cs,=,146 ,35 ,Bq kg-1,river,Abukuma,W8202010001,87,Day,3.71 ,g,17
10.34355/Fukushima.Pref.CEC.00014,197,2016,5,30,12,0,JST,2016.412785,N,1,37,55,18,37.92166667,E,1,140,45,44,140.7622222,1,16.6,m,Suspended Matter,137Cs,=,"1,581 ",55 ,Bq kg-1,134Cs,=,360 ,28 ,Bq kg-1,river,Abukuma,W8202010001,49,Day,20.34 ,g,17
10.34355/Fukushima.Pref.CEC.00014,198,2016,7,28,12,0,JST,2016.573973,N,1,37,55,18,37.92166667,E,1,140,45,44,140.7622222,1,16.6,m,Suspended Matter,137Cs,=,"1,081 ",43 ,Bq kg-1,134Cs,=,180 ,21 ,Bq kg-1,river,Abukuma,W8202010001,59,Day,9.16 ,g,17
10.34355/Fukushima.Pref.CEC.00014,199,2016,10,17,12,0,JST,2016.793836,N,1,37,55,18,37.92166667,E,1,140,45,44,140.7622222,1,16.6,m,Suspended Matter,137Cs,=,"1,030 ",20 ,Bq kg-1,134Cs,=,190 ,9 ,Bq kg-1,river,Abukuma,W8202010001,81,Day,32.85 ,g,17
10.34355/Fukushima.Pref.CEC.00014,200,2017,1,6,12,0,JST,2017.013699,N,1,37,55,18,37.92166667,E,1,140,45,44,140.7622222,1,16.6,m,Suspended Matter,137Cs,=,583 ,22 ,Bq kg-1,134Cs,=,112 ,11 ,Bq kg-1,river,Abukuma,W8202010001,81,Day,5.09 ,g,17
10.34355/Fukushima.Pref.CEC.00014,201,2017,2,27,12,0,JST,2017.154566,N,1,37,55,18,37.92166667,E,1,140,45,44,140.7622222,1,16.6,m,Suspended Matter,137Cs,=,309 ,36 ,Bq kg-1,134Cs,=,98 ,26 ,Bq kg-1,river,Abukuma,W8202010001,52,Day,1.50 ,g,17
10.34355/Fukushima.Pref.CEC.00014,202,2015,5,27,12,0,JST,2015.404566,N,1,37,48,40,37.81111111,E,1,140,29,45,140.4958333,1,54.3,m,Suspended Matter,137Cs,=,"1,173 ",54 ,Bq kg-1,134Cs,=,299 ,29 ,Bq kg-1,river,Surigami,W8202010083,135,Day,10.41 ,g,19
10.34355/Fukushima.Pref.CEC.00014,203,2015,7,15,12,0,JST,2015.538356,N,1,37,48,40,37.81111111,E,1,140,29,45,140.4958333,1,54.3,m,Suspended Matter,137Cs,=,"1,863 ",143 ,Bq kg-1,134Cs,=,465 ,95 ,Bq kg-1,river,Surigami,W8202010083,49,Day,0.38 ,g,19
10.34355/Fukushima.Pref.CEC.00014,204,2015,8,24,12,0,JST,2015.646347,N,1,37,48,40,37.81111111,E,1,140,29,45,140.4958333,1,54.3,m,Suspended Matter,137Cs,=,"3,034 ",131 ,Bq kg-1,134Cs,=,703 ,76 ,Bq kg-1,river,Surigami,W8202010083,40,Day,1.31 ,g,19
10.34355/Fukushima.Pref.CEC.00014,205,2015,10,8,12,0,JST,2015.769178,N,1,37,48,40,37.81111111,E,1,140,29,45,140.4958333,1,54.3,m,Suspended Matter,137Cs,=,"1,217 ",21 ,Bq kg-1,134Cs,=,290 ,11 ,Bq kg-1,river,Surigami,W8202010083,45,Day,32.66 ,g,19
10.34355/Fukushima.Pref.CEC.00014,206,2016,1,26,12,0,JST,2016.068493,N,1,37,48,40,37.81111111,E,1,140,29,45,140.4958333,1,54.3,m,Suspended Matter,137Cs,=,"1,913 ",71 ,Bq kg-1,134Cs,=,419 ,41 ,Bq kg-1,river,Surigami,W8202010083,110,Day,1.38 ,g,19
10.34355/Fukushima.Pref.CEC.00014,207,2016,2,26,12,0,JST,2016.151826,N,1,37,48,40,37.81111111,E,1,140,29,45,140.4958333,1,54.3,m,Suspended Matter,137Cs,=,"1,189 ",80 ,Bq kg-1,134Cs,=,232 ,58 ,Bq kg-1,river,Surigami,W8202010083,31,Day,0.28 ,g,19
10.34355/Fukushima.Pref.CEC.00014,208,2016,4,13,12,0,JST,2016.282877,N,1,37,48,40,37.81111111,E,1,140,29,45,140.4958333,1,54.3,m,Suspended Matter,137Cs,=,918 ,68 ,Bq kg-1,134Cs,=,251 ,47 ,Bq kg-1,river,Surigami,W8202010083,47,Day,1.25 ,g,19
10.34355/Fukushima.Pref.CEC.00014,209,2017,3,2,12,0,JST,2017.169406,N,1,37,48,40,37.81111111,E,1,140,29,45,140.4958333,1,54.3,m,Suspended Matter,137Cs,=,562 ,38 ,Bq kg-1,134Cs,=,79 ,22 ,Bq kg-1,river,Surigami,W8202010083,71,Day,1.89 ,g,19
10.34355/Fukushima.Pref.CEC.00014,210,2015,4,24,12,0,JST,2015.313014,N,1,37,45,4,37.75111111,E,1,140,27,10,140.4527778,1,69.5,m,Suspended Matter,137Cs,=,"7,800 ",274 ,Bq kg-1,134Cs,=,"2,340 ",173 ,Bq kg-1,river,Ara,W8202010099,100,Day,0.76 ,g,20
10.34355/Fukushima.Pref.CEC.00014,211,2015,5,27,12,0,JST,2015.404566,N,1,37,45,4,37.75111111,E,1,140,27,10,140.4527778,1,69.5,m,Suspended Matter,137Cs,=,"1,634 ",85 ,Bq kg-1,134Cs,=,401 ,49 ,Bq kg-1,river,Ara,W8202010099,33,Day,3.13 ,g,20
10.34355/Fukushima.Pref.CEC.00014,212,2015,7,15,12,0,JST,2015.538356,N,1,37,45,4,37.75111111,E,1,140,27,10,140.4527778,1,69.5,m,Suspended Matter,137Cs,=,"1,896 ",103 ,Bq kg-1,134Cs,=,427 ,58 ,Bq kg-1,river,Ara,W8202010099,49,Day,2.18 ,g,20
10.34355/Fukushima.Pref.CEC.00014,213,2015,8,24,12,0,JST,2015.646347,N,1,37,45,4,37.75111111,E,1,140,27,10,140.4527778,1,69.5,m,Suspended Matter,137Cs,=,"11,096 ",264 ,Bq kg-1,134Cs,=,"2,770 ",138 ,Bq kg-1,river,Ara,W8202010099,40,Day,1.87 ,g,20
10.34355/Fukushima.Pref.CEC.00014,214,2015,11,5,12,0,JST,2015.844292,N,1,37,45,4,37.75111111,E,1,140,27,10,140.4527778,1,69.5,m,Suspended Matter,137Cs,=,"1,039 ",20 ,Bq kg-1,134Cs,=,236 ,10 ,Bq kg-1,river,Ara,W8202010099,73,Day,81.95 ,g,20
10.34355/Fukushima.Pref.CEC.00014,215,2016,2,26,12,0,JST,2016.151826,N,1,37,45,4,37.75111111,E,1,140,27,10,140.4527778,1,69.5,m,Suspended Matter,137Cs,=,"1,899 ",65 ,Bq kg-1,134Cs,=,365 ,30 ,Bq kg-1,river,Ara,W8202010099,37,Day,11.61 ,g,20
10.34355/Fukushima.Pref.CEC.00014,216,2016,4,13,12,0,JST,2016.282877,N,1,37,45,4,37.75111111,E,1,140,27,10,140.4527778,1,69.5,m,Suspended Matter,137Cs,=,"1,666 ",56 ,Bq kg-1,134Cs,=,357 ,28 ,Bq kg-1,river,Ara,W8202010099,47,Day,23.18 ,g,20
10.34355/Fukushima.Pref.CEC.00014,217,2015,4,24,12,0,JST,2015.313014,N,1,37,43,38,37.72722222,E,1,140,28,23,140.4730556,1,64.8,m,Suspended Matter,137Cs,=,"1,957 ",40 ,Bq kg-1,134Cs,=,557 ,22 ,Bq kg-1,river,Abukuma,W8202010001,102,Day,22.69 ,g,21
10.34355/Fukushima.Pref.CEC.00014,218,2015,5,27,12,0,JST,2015.404566,N,1,37,43,38,37.72722222,E,1,140,28,23,140.4730556,1,64.8,m,Suspended Matter,137Cs,=,"3,472 ",147 ,Bq kg-1,134Cs,=,"1,029 ",90 ,Bq kg-1,river,Abukuma,W8202010001,33,Day,2.15 ,g,21
10.34355/Fukushima.Pref.CEC.00014,219,2015,7,15,12,0,JST,2015.538356,N,1,37,43,38,37.72722222,E,1,140,28,23,140.4730556,1,64.8,m,Suspended Matter,137Cs,=,"4,568 ",108 ,Bq kg-1,134Cs,=,"1,180 ",56 ,Bq kg-1,river,Abukuma,W8202010001,49,Day,9.77 ,g,21
10.34355/Fukushima.Pref.CEC.00014,220,2015,8,24,12,0,JST,2015.646347,N,1,37,43,38,37.72722222,E,1,140,28,23,140.4730556,1,64.8,m,Suspended Matter,137Cs,=,532 ,16 ,Bq kg-1,134Cs,=,137 ,8 ,Bq kg-1,river,Abukuma,W8202010001,40,Day,118.97 ,g,21
10.34355/Fukushima.Pref.CEC.00014,221,2015,10,8,12,0,JST,2015.769178,N,1,37,43,38,37.72722222,E,1,140,28,23,140.4730556,1,64.8,m,Suspended Matter,137Cs,=,809 ,20 ,Bq kg-1,134Cs,=,185 ,10 ,Bq kg-1,river,Abukuma,W8202010001,45,Day,113.11 ,g,21
10.34355/Fukushima.Pref.CEC.00014,222,2016,1,20,12,0,JST,2016.052055,N,1,37,43,38,37.72722222,E,1,140,28,23,140.4730556,1,64.8,m,Suspended Matter,137Cs,=,"1,542 ",45 ,Bq kg-1,134Cs,=,345 ,22 ,Bq kg-1,river,Abukuma,W8202010001,104,Day,21.94 ,g,21
10.34355/Fukushima.Pref.CEC.00014,223,2016,2,26,12,0,JST,2016.151826,N,1,37,43,38,37.72722222,E,1,140,28,23,140.4730556,1,64.8,m,Suspended Matter,137Cs,=,627 ,48 ,Bq kg-1,134Cs,=,157 ,28 ,Bq kg-1,river,Abukuma,W8202010001,37,Day,1.58 ,g,21
10.34355/Fukushima.Pref.CEC.00014,224,2016,4,13,12,0,JST,2016.282877,N,1,37,43,38,37.72722222,E,1,140,28,23,140.4730556,1,64.8,m,Suspended Matter,137Cs,=,533 ,23 ,Bq kg-1,134Cs,=,132 ,21 ,Bq kg-1,river,Abukuma,W8202010001,47,Day,0.68 ,g,21
10.34355/Fukushima.Pref.CEC.00014,225,2017,3,2,12,0,JST,2017.169406,N,1,37,43,38,37.72722222,E,1,140,28,23,140.4730556,1,64.8,m,Suspended Matter,137Cs,=,804 ,72 ,Bq kg-1,134Cs,<,158 ,,Bq kg-1,river,Abukuma,W8202010001,71,Day,0.77 ,g,21
10.34355/Fukushima.Pref.CEC.00014,226,2015,5,1,12,0,JST,2015.333333,N,1,37,24,54,37.415,E,1,140,21,41,140.3613889,1,231,m,Suspended Matter,137Cs,=,"7,846 ",141 ,Bq kg-1,134Cs,=,"2,080 ",80 ,Bq kg-1,river,Ouse,W8202010171,107,Day,5.69 ,g,22
10.34355/Fukushima.Pref.CEC.00014,227,2015,5,28,12,0,JST,2015.407306,N,1,37,24,54,37.415,E,1,140,21,41,140.3613889,1,231,m,Suspended Matter,137Cs,=,"3,702 ",83 ,Bq kg-1,134Cs,=,940 ,45 ,Bq kg-1,river,Ouse,W8202010171,27,Day,14.71 ,g,22
10.34355/Fukushima.Pref.CEC.00014,228,2015,7,23,12,0,JST,2015.560274,N,1,37,24,54,37.415,E,1,140,21,41,140.3613889,1,231,m,Suspended Matter,137Cs,=,"5,765 ",124 ,Bq kg-1,134Cs,=,"1,469 ",66 ,Bq kg-1,river,Ouse,W8202010171,56,Day,8.95 ,g,22
10.34355/Fukushima.Pref.CEC.00014,229,2015,8,27,12,0,JST,2015.654566,N,1,37,24,54,37.415,E,1,140,21,41,140.3613889,1,231,m,Suspended Matter,137Cs,=,"5,902 ",130 ,Bq kg-1,134Cs,=,"1,397 ",65 ,Bq kg-1,river,Ouse,W8202010171,35,Day,8.12 ,g,22
10.34355/Fukushima.Pref.CEC.00014,230,2015,10,6,12,0,JST,2015.763699,N,1,37,24,54,37.415,E,1,140,21,41,140.3613889,1,231,m,Suspended Matter,137Cs,=,"2,846 ",60 ,Bq kg-1,134Cs,=,688 ,32 ,Bq kg-1,river,Ouse,W8202010171,40,Day,11.80 ,g,22
10.34355/Fukushima.Pref.CEC.00014,231,2015,12,4,12,0,JST,2015.924886,N,1,37,24,54,37.415,E,1,140,21,41,140.3613889,1,231,m,Suspended Matter,137Cs,=,"1,579 ",60 ,Bq kg-1,134Cs,=,407 ,35 ,Bq kg-1,river,Ouse,W8202010171,59,Day,3.43 ,g,22
10.34355/Fukushima.Pref.CEC.00014,232,2016,1,28,12,0,JST,2016.073973,N,1,37,24,54,37.415,E,1,140,21,41,140.3613889,1,231,m,Suspended Matter,137Cs,=,"1,886 ",44 ,Bq kg-1,134Cs,=,421 ,23 ,Bq kg-1,river,Ouse,W8202010171,55,Day,7.41 ,g,22
10.34355/Fukushima.Pref.CEC.00014,233,2016,2,16,12,0,JST,2016.124429,N,1,37,24,54,37.415,E,1,140,21,41,140.3613889,1,231,m,Suspended Matter,137Cs,=,"4,782 ",110 ,Bq kg-1,134Cs,=,"1,070 ",71 ,Bq kg-1,river,Ouse,W8202010171,19,Day,0.26 ,g,22
10.34355/Fukushima.Pref.CEC.00014,234,2016,4,13,12,0,JST,2016.282877,N,1,37,24,54,37.415,E,1,140,21,41,140.3613889,1,231,m,Suspended Matter,137Cs,=,"3,788 ",142 ,Bq kg-1,134Cs,=,931 ,85 ,Bq kg-1,river,Ouse,W8202010171,57,Day,1.07 ,g,22
10.34355/Fukushima.Pref.CEC.00014,235,2016,6,10,12,0,JST,2016.441324,N,1,37,24,54,37.415,E,1,140,21,41,140.3613889,1,231,m,Suspended Matter,137Cs,=,"5,398 ",268 ,Bq kg-1,134Cs,=,"1,275 ",149 ,Bq kg-1,river,Ouse,W8202010171,58,Day,1.40 ,g,22
10.34355/Fukushima.Pref.CEC.00014,236,2016,8,5,12,0,JST,2016.594292,N,1,37,24,54,37.415,E,1,140,21,41,140.3613889,1,231,m,Suspended Matter,137Cs,=,"5,910 ",103 ,Bq kg-1,134Cs,=,"1,085 ",46 ,Bq kg-1,river,Ouse,W8202010171,56,Day,20.47 ,g,22
10.34355/Fukushima.Pref.CEC.00014,237,2016,9,29,12,0,JST,2016.743379,N,1,37,24,54,37.415,E,1,140,21,41,140.3613889,1,231,m,Suspended Matter,137Cs,=,"3,377 ",110 ,Bq kg-1,134Cs,=,639 ,50 ,Bq kg-1,river,Ouse,W8202010171,55,Day,9.23 ,g,22
10.34355/Fukushima.Pref.CEC.00014,238,2016,12,20,12,0,JST,2016.968721,N,1,37,24,54,37.415,E,1,140,21,41,140.3613889,1,231,m,Suspended Matter,137Cs,=,"4,812 ",280 ,Bq kg-1,134Cs,=,816 ,147 ,Bq kg-1,river,Ouse,W8202010171,82,Day,0.58 ,g,22
10.34355/Fukushima.Pref.CEC.00014,239,2017,2,27,12,0,JST,2017.154566,N,1,37,24,54,37.415,E,1,140,21,41,140.3613889,1,231,m,Suspended Matter,137Cs,=,"1,222 ",42 ,Bq kg-1,134Cs,=,191 ,29 ,Bq kg-1,river,Ouse,W8202010171,69,Day,0.44 ,g,22
10.34355/Fukushima.Pref.CEC.00014,240,2015,4,30,12,0,JST,2015.329452,N,1,37,36,12,37.60333333,E,1,140,57,18,140.955,1,25.5,m,Suspended Matter,137Cs,=,"21,673 ",327 ,Bq kg-1,134Cs,=,"6,543 ",198 ,Bq kg-1,river,Ota,W0700110001,106,Day,1.49 ,g,23
10.34355/Fukushima.Pref.CEC.00014,241,2015,6,17,12,0,JST,2015.460502,N,1,37,36,12,37.60333333,E,1,140,57,18,140.955,1,25.5,m,Suspended Matter,137Cs,=,"28,863 ",490 ,Bq kg-1,134Cs,=,"8,095 ",289 ,Bq kg-1,river,Ota,W0700110001,48,Day,0.85 ,g,23
10.34355/Fukushima.Pref.CEC.00014,242,2015,7,27,12,0,JST,2015.571233,N,1,37,36,12,37.60333333,E,1,140,57,18,140.955,1,25.5,m,Suspended Matter,137Cs,=,"27,742 ",379 ,Bq kg-1,134Cs,=,"7,352 ",203 ,Bq kg-1,river,Ota,W0700110001,40,Day,2.26 ,g,23
10.34355/Fukushima.Pref.CEC.00014,243,2015,9,2,12,0,JST,2015.669406,N,1,37,36,12,37.60333333,E,1,140,57,18,140.955,1,25.5,m,Suspended Matter,137Cs,=,"31,470 ",369 ,Bq kg-1,134Cs,=,"7,970 ",192 ,Bq kg-1,river,Ota,W0700110001,37,Day,2.77 ,g,23
10.34355/Fukushima.Pref.CEC.00014,244,2016,2,22,12,0,JST,2016.140868,N,1,37,36,12,37.60333333,E,1,140,57,18,140.955,1,25.5,m,Suspended Matter,137Cs,=,"11,483 ",311 ,Bq kg-1,134Cs,=,"2,554 ",214 ,Bq kg-1,river,Ota,W0700110001,34,Day,0.08 ,g,23
10.34355/Fukushima.Pref.CEC.00014,245,2016,4,8,12,0,JST,2016.269178,N,1,37,36,12,37.60333333,E,1,140,57,18,140.955,1,25.5,m,Suspended Matter,137Cs,=,"15,385 ",216 ,Bq kg-1,134Cs,=,"3,608 ",131 ,Bq kg-1,river,Ota,W0700110001,46,Day,0.16 ,g,23
10.34355/Fukushima.Pref.CEC.00014,246,2016,6,10,12,0,JST,2016.441324,N,1,37,36,12,37.60333333,E,1,140,57,18,140.955,1,25.5,m,Suspended Matter,137Cs,=,"23,281 ","1,200 ",Bq kg-1,134Cs,=,"3,942 ",562 ,Bq kg-1,river,Ota,W0700110001,63,Day,0.43 ,g,23
10.34355/Fukushima.Pref.CEC.00014,247,2016,10,27,12,0,JST,2016.821233,N,1,37,36,12,37.60333333,E,1,140,57,18,140.955,1,25.5,m,Suspended Matter,137Cs,=,"18,190 ",163 ,Bq kg-1,134Cs,=,"3,055 ",69 ,Bq kg-1,river,Ota,W0700110001,139,Day,30.97 ,g,23
10.34355/Fukushima.Pref.CEC.00014,248,2016,12,20,12,0,JST,2016.968721,N,1,37,36,12,37.60333333,E,1,140,57,18,140.955,1,25.5,m,Suspended Matter,137Cs,=,"7,864 ",333 ,Bq kg-1,134Cs,=,"1,215 ",145 ,Bq kg-1,river,Ota,W0700110001,54,Day,2.03 ,g,23
10.34355/Fukushima.Pref.CEC.00014,249,2017,3,2,12,0,JST,2017.169406,N,1,37,36,12,37.60333333,E,1,140,57,18,140.955,1,25.5,m,Suspended Matter,137Cs,=,"7,292 ",431 ,Bq kg-1,134Cs,=,831 ,209 ,Bq kg-1,river,Ota,W0700110001,72,Day,0.28 ,g,23
10.34355/Fukushima.Pref.CEC.00014,250,2015,4,30,12,0,JST,2015.329452,N,1,37,33,58,37.56611111,E,1,140,59,1,140.9836111,1,8.2,m,Suspended Matter,137Cs,=,"16,444 ",159 ,Bq kg-1,134Cs,=,"4,406 ",89 ,Bq kg-1,river,Odaka,W0700120001,106,Day,9.99 ,g,24
10.34355/Fukushima.Pref.CEC.00014,251,2015,7,27,12,0,JST,2015.571233,N,1,37,33,58,37.56611111,E,1,140,59,1,140.9836111,1,8.2,m,Suspended Matter,137Cs,=,"12,676 ",209 ,Bq kg-1,134Cs,=,"3,083 ",106 ,Bq kg-1,river,Odaka,W0700120001,88,Day,6.82 ,g,24
10.34355/Fukushima.Pref.CEC.00014,252,2015,9,1,12,0,JST,2015.666667,N,1,37,33,58,37.56611111,E,1,140,59,1,140.9836111,1,8.2,m,Suspended Matter,137Cs,=,"11,598 ",219 ,Bq kg-1,134Cs,=,"2,673 ",118 ,Bq kg-1,river,Odaka,W0700120001,36,Day,1.71 ,g,24
10.34355/Fukushima.Pref.CEC.00014,253,2015,10,23,12,0,JST,2015.810274,N,1,37,33,58,37.56611111,E,1,140,59,1,140.9836111,1,8.2,m,Suspended Matter,137Cs,=,"20,804 ",158 ,Bq kg-1,134Cs,=,"5,000 ",78 ,Bq kg-1,river,Odaka,W0700120001,52,Day,26.71 ,g,24
10.34355/Fukushima.Pref.CEC.00014,254,2015,12,21,12,0,JST,2015.971461,N,1,37,33,58,37.56611111,E,1,140,59,1,140.9836111,1,8.2,m,Suspended Matter,137Cs,=,"3,593 ",136 ,Bq kg-1,134Cs,=,874 ,74 ,Bq kg-1,river,Odaka,W0700120001,59,Day,1.13 ,g,24
10.34355/Fukushima.Pref.CEC.00014,255,2016,2,22,12,0,JST,2016.140868,N,1,37,33,58,37.56611111,E,1,140,59,1,140.9836111,1,8.2,m,Suspended Matter,137Cs,=,"6,463 ",99 ,Bq kg-1,134Cs,=,"1,382 ",53 ,Bq kg-1,river,Odaka,W0700120001,63,Day,0.94 ,g,24
10.34355/Fukushima.Pref.CEC.00014,256,2016,4,8,12,0,JST,2016.269178,N,1,37,33,58,37.56611111,E,1,140,59,1,140.9836111,1,8.2,m,Suspended Matter,137Cs,=,"2,607 ",146 ,Bq kg-1,134Cs,=,619 ,129 ,Bq kg-1,river,Odaka,W0700120001,46,Day,0.09 ,g,24
10.34355/Fukushima.Pref.CEC.00014,257,2016,6,10,12,0,JST,2016.441324,N,1,37,33,58,37.56611111,E,1,140,59,1,140.9836111,1,8.2,m,Suspended Matter,137Cs,=,"5,995 ",440 ,Bq kg-1,134Cs,=,"1,275 ",253 ,Bq kg-1,river,Odaka,W0700120001,63,Day,0.42 ,g,24
10.34355/Fukushima.Pref.CEC.00014,258,2016,10,27,12,0,JST,2016.821233,N,1,37,33,58,37.56611111,E,1,140,59,1,140.9836111,1,8.2,m,Suspended Matter,137Cs,=,"17,084 ",173 ,Bq kg-1,134Cs,=,"3,036 ",76 ,Bq kg-1,river,Odaka,W0700120001,139,Day,18.02 ,g,24
10.34355/Fukushima.Pref.CEC.00014,259,2016,12,20,12,0,JST,2016.968721,N,1,37,33,58,37.56611111,E,1,140,59,1,140.9836111,1,8.2,m,Suspended Matter,137Cs,=,"8,685 ",359 ,Bq kg-1,134Cs,=,"1,380 ",175 ,Bq kg-1,river,Odaka,W0700120001,54,Day,0.38 ,g,24
10.34355/Fukushima.Pref.CEC.00014,260,2017,3,2,12,0,JST,2017.169406,N,1,37,33,58,37.56611111,E,1,140,59,1,140.9836111,1,8.2,m,Suspended Matter,137Cs,=,"3,650 ",225 ,Bq kg-1,134Cs,=,461 ,143 ,Bq kg-1,river,Odaka,W0700120001,72,Day,0.31 ,g,24
10.34355/Fukushima.Pref.CEC.00014,261,2015,4,30,12,0,JST,2015.329452,N,1,37,12,20,37.20555556,E,1,140,59,33,140.9925,1,6.7,m,Suspended Matter,137Cs,=,969 ,30 ,Bq kg-1,134Cs,=,268 ,17 ,Bq kg-1,river,Asami,W0700240001,108,Day,34.60 ,g,25
10.34355/Fukushima.Pref.CEC.00014,262,2015,6,3,12,0,JST,2015.422146,N,1,37,12,20,37.20555556,E,1,140,59,33,140.9925,1,6.7,m,Suspended Matter,137Cs,=,"2,935 ",135 ,Bq kg-1,134Cs,=,817 ,80 ,Bq kg-1,river,Asami,W0700240001,34,Day,1.95 ,g,25
10.34355/Fukushima.Pref.CEC.00014,263,2015,8,3,12,0,JST,2015.588813,N,1,37,12,20,37.20555556,E,1,140,59,33,140.9925,1,6.7,m,Suspended Matter,137Cs,=,"2,924 ",113 ,Bq kg-1,134Cs,=,665 ,60 ,Bq kg-1,river,Asami,W0700240001,61,Day,5.06 ,g,25
10.34355/Fukushima.Pref.CEC.00014,264,2015,9,1,12,0,JST,2015.666667,N,1,37,12,20,37.20555556,E,1,140,59,33,140.9925,1,6.7,m,Suspended Matter,137Cs,=,"1,404 ",66 ,Bq kg-1,134Cs,=,316 ,43 ,Bq kg-1,river,Asami,W0700240001,29,Day,0.55 ,g,25
10.34355/Fukushima.Pref.CEC.00014,265,2015,10,13,12,0,JST,2015.782877,N,1,37,12,20,37.20555556,E,1,140,59,33,140.9925,1,6.7,m,Suspended Matter,137Cs,=,886 ,23 ,Bq kg-1,134Cs,=,231 ,12 ,Bq kg-1,river,Asami,W0700240001,42,Day,71.35 ,g,25
10.34355/Fukushima.Pref.CEC.00014,266,2016,8,2,12,0,JST,2016.586073,N,1,37,12,20,37.20555556,E,1,140,59,33,140.9925,1,6.7,m,Suspended Matter,137Cs,=,121 ,6 ,Bq kg-1,134Cs,=,26 ,4 ,Bq kg-1,river,Asami,W0700240001,56,Day,9.93 ,g,25
10.34355/Fukushima.Pref.CEC.00014,267,2016,12,20,12,0,JST,2016.968721,N,1,37,12,20,37.20555556,E,1,140,59,33,140.9925,1,6.7,m,Suspended Matter,137Cs,=,854 ,38 ,Bq kg-1,134Cs,=,119 ,15 ,Bq kg-1,river,Asami,W0700240001,140,Day,26.49 ,g,25
10.34355/Fukushima.Pref.CEC.00014,268,2017,2,27,12,0,JST,2017.154566,N,1,37,12,20,37.20555556,E,1,140,59,33,140.9925,1,6.7,m,Suspended Matter,137Cs,=,874 ,57 ,Bq kg-1,134Cs,=,136 ,35 ,Bq kg-1,river,Asami,W0700240001,69,Day,1.82 ,g,25
10.34355/Fukushima.Pref.CEC.00014,269,2015,4,22,12,0,JST,2015.307534,N,1,37,33,36,37.56,E,1,140,45,12,140.7533333,1,413.1,m,Suspended Matter,137Cs,=,"23,068 ",369 ,Bq kg-1,134Cs,=,"6,624 ",211 ,Bq kg-1,river,Ukedo,W0700140001,98,Day,2.04 ,g,26
10.34355/Fukushima.Pref.CEC.00014,270,2015,5,29,12,0,JST,2015.410046,N,1,37,33,36,37.56,E,1,140,45,12,140.7533333,1,413.1,m,Suspended Matter,137Cs,=,"18,590 ",333 ,Bq kg-1,134Cs,=,"5,396 ",195 ,Bq kg-1,river,Ukedo,W0700140001,37,Day,2.21 ,g,26
10.34355/Fukushima.Pref.CEC.00014,271,2015,7,21,12,0,JST,2015.554795,N,1,37,33,36,37.56,E,1,140,45,12,140.7533333,1,413.1,m,Suspended Matter,137Cs,=,"20,497 ",196 ,Bq kg-1,134Cs,=,"5,364 ",103 ,Bq kg-1,river,Ukedo,W0700140001,53,Day,14.29 ,g,26
10.34355/Fukushima.Pref.CEC.00014,272,2015,9,3,12,0,JST,2015.672146,N,1,37,33,36,37.56,E,1,140,45,12,140.7533333,1,413.1,m,Suspended Matter,137Cs,=,"31,454 ",246 ,Bq kg-1,134Cs,=,"7,935 ",132 ,Bq kg-1,river,Ukedo,W0700140001,44,Day,7.69 ,g,26
10.34355/Fukushima.Pref.CEC.00014,273,2015,10,22,12,0,JST,2015.807534,N,1,37,33,36,37.56,E,1,140,45,12,140.7533333,1,413.1,m,Suspended Matter,137Cs,=,"9,092 ",65 ,Bq kg-1,134Cs,=,"2,180 ",32 ,Bq kg-1,river,Ukedo,W0700140001,49,Day,55.47 ,g,26
10.34355/Fukushima.Pref.CEC.00014,274,2015,12,24,12,0,JST,2015.97968,N,1,37,33,36,37.56,E,1,140,45,12,140.7533333,1,413.1,m,Suspended Matter,137Cs,=,"10,264 ",120 ,Bq kg-1,134Cs,=,"2,357 ",67 ,Bq kg-1,river,Ukedo,W0700140001,63,Day,0.51 ,g,26
10.34355/Fukushima.Pref.CEC.00014,275,2016,1,21,12,0,JST,2016.054795,N,1,37,33,36,37.56,E,1,140,45,12,140.7533333,1,413.1,m,Suspended Matter,137Cs,=,"9,907 ",182 ,Bq kg-1,134Cs,=,"2,085 ",96 ,Bq kg-1,river,Ukedo,W0700140001,28,Day,1.06 ,g,26
10.34355/Fukushima.Pref.CEC.00014,276,2016,2,23,12,0,JST,2016.143607,N,1,37,33,36,37.56,E,1,140,45,12,140.7533333,1,413.1,m,Suspended Matter,137Cs,=,"9,235 ",150 ,Bq kg-1,134Cs,=,"2,108 ",80 ,Bq kg-1,river,Ukedo,W0700140001,33,Day,1.49 ,g,26
10.34355/Fukushima.Pref.CEC.00014,277,2016,4,15,12,0,JST,2016.288356,N,1,37,33,36,37.56,E,1,140,45,12,140.7533333,1,413.1,m,Suspended Matter,137Cs,=,"12,069 ",576 ,Bq kg-1,134Cs,=,"2,472 ",301 ,Bq kg-1,river,Ukedo,W0700140001,52,Day,0.97 ,g,26
10.34355/Fukushima.Pref.CEC.00014,278,2016,9,27,12,0,JST,2016.7379,N,1,37,33,36,37.56,E,1,140,45,12,140.7533333,1,413.1,m,Suspended Matter,137Cs,=,"10,803 ",139 ,Bq kg-1,134Cs,=,"1,973 ",62 ,Bq kg-1,river,Ukedo,W0700140001,165,Day,21.85 ,g,26
10.34355/Fukushima.Pref.CEC.00014,279,2016,12,21,12,0,JST,2016.971461,N,1,37,33,36,37.56,E,1,140,45,12,140.7533333,1,413.1,m,Suspended Matter,137Cs,=,"10,882 ",422 ,Bq kg-1,134Cs,=,"1,849 ",189 ,Bq kg-1,river,Ukedo,W0700140001,85,Day,1.65 ,g,26
10.34355/Fukushima.Pref.CEC.00014,280,2017,3,1,12,0,JST,2017.166667,N,1,37,33,36,37.56,E,1,140,45,12,140.7533333,1,413.1,m,Suspended Matter,137Cs,=,"5,692 ",231 ,Bq kg-1,134Cs,=,899 ,109 ,Bq kg-1,river,Ukedo,W0700140001,70,Day,1.63 ,g,26
10.34355/Fukushima.Pref.CEC.00014,281,2015,4,30,12,0,JST,2015.329452,N,1,37,29,41,37.49472222,E,1,141,0,38,141.0105556,1,7.3,m,Suspended Matter,137Cs,=,"27,758 ",162 ,Bq kg-1,134Cs,=,"7,525 ",87 ,Bq kg-1,river,Ukedo,W0700140001,108,Day,36.54 ,g,27
10.34355/Fukushima.Pref.CEC.00014,282,2015,6,3,12,0,JST,2015.422146,N,1,37,29,41,37.49472222,E,1,141,0,38,141.0105556,1,7.3,m,Suspended Matter,137Cs,=,"23,649 ",292 ,Bq kg-1,134Cs,=,"6,341 ",158 ,Bq kg-1,river,Ukedo,W0700140001,34,Day,6.62 ,g,27
10.34355/Fukushima.Pref.CEC.00014,283,2015,8,3,12,0,JST,2015.588813,N,1,37,29,41,37.49472222,E,1,141,0,38,141.0105556,1,7.3,m,Suspended Matter,137Cs,=,"37,252 ",201 ,Bq kg-1,134Cs,=,"9,533 ",106 ,Bq kg-1,river,Ukedo,W0700140001,61,Day,16.16 ,g,27
10.34355/Fukushima.Pref.CEC.00014,284,2016,2,22,12,0,JST,2016.140868,N,1,37,29,41,37.49472222,E,1,141,0,38,141.0105556,1,7.3,m,Suspended Matter,137Cs,=,"30,706 ",285 ,Bq kg-1,134Cs,=,"6,811 ",147 ,Bq kg-1,river,Ukedo,W0700140001,34,Day,0.67 ,g,27
10.34355/Fukushima.Pref.CEC.00014,285,2016,4,8,12,0,JST,2016.269178,N,1,37,29,41,37.49472222,E,1,141,0,38,141.0105556,1,7.3,m,Suspended Matter,137Cs,=,"22,894 ",521 ,Bq kg-1,134Cs,=,"4,801 ",258 ,Bq kg-1,river,Ukedo,W0700140001,46,Day,2.42 ,g,27
10.34355/Fukushima.Pref.CEC.00014,286,2016,10,27,12,0,JST,2016.821233,N,1,37,29,41,37.49472222,E,1,141,0,38,141.0105556,1,7.3,m,Suspended Matter,137Cs,=,"18,441 ",203 ,Bq kg-1,134Cs,=,"3,136 ",89 ,Bq kg-1,river,Ukedo,W0700140001,202,Day,6.92 ,g,27
10.34355/Fukushima.Pref.CEC.00014,287,2016,12,20,12,0,JST,2016.968721,N,1,37,29,41,37.49472222,E,1,141,0,38,141.0105556,1,7.3,m,Suspended Matter,137Cs,=,"21,364 ",336 ,Bq kg-1,134Cs,=,"3,559 ",146 ,Bq kg-1,river,Ukedo,W0700140001,54,Day,5.86 ,g,27
10.34355/Fukushima.Pref.CEC.00014,288,2017,3,1,12,0,JST,2017.166667,N,1,37,29,41,37.49472222,E,1,141,0,38,141.0105556,1,7.3,m,Suspended Matter,137Cs,=,"18,358 ",278 ,Bq kg-1,134Cs,=,"2,961 ",122 ,Bq kg-1,river,Ukedo,W0700140001,71,Day,3.62 ,g,27
10.34355/Fukushima.Pref.CEC.00014,289,2015,4,30,12,0,JST,2015.329452,N,1,37,29,7,37.48527778,E,1,140,59,53,140.9980556,1,10.9,m,Suspended Matter,137Cs,=,"11,419 ",160 ,Bq kg-1,134Cs,=,"3,161 ",89 ,Bq kg-1,river,Takase,W0700140002,108,Day,11.45 ,g,28
10.34355/Fukushima.Pref.CEC.00014,290,2015,6,3,12,0,JST,2015.422146,N,1,37,29,7,37.48527778,E,1,140,59,53,140.9980556,1,10.9,m,Suspended Matter,137Cs,=,"9,026 ",271 ,Bq kg-1,134Cs,=,"2,208 ",158 ,Bq kg-1,river,Takase,W0700140002,34,Day,1.66 ,g,28
10.34355/Fukushima.Pref.CEC.00014,291,2015,8,3,12,0,JST,2015.588813,N,1,37,29,7,37.48527778,E,1,140,59,53,140.9980556,1,10.9,m,Suspended Matter,137Cs,=,"9,065 ",134 ,Bq kg-1,134Cs,=,"2,272 ",68 ,Bq kg-1,river,Takase,W0700140002,61,Day,14.05 ,g,28
10.34355/Fukushima.Pref.CEC.00014,292,2015,9,2,12,0,JST,2015.669406,N,1,37,29,7,37.48527778,E,1,140,59,53,140.9980556,1,10.9,m,Suspended Matter,137Cs,=,"8,014 ",112 ,Bq kg-1,134Cs,=,"1,923 ",56 ,Bq kg-1,river,Takase,W0700140002,30,Day,17.01 ,g,28
10.34355/Fukushima.Pref.CEC.00014,293,2015,10,15,12,0,JST,2015.788356,N,1,37,29,7,37.48527778,E,1,140,59,53,140.9980556,1,10.9,m,Suspended Matter,137Cs,=,"6,725 ",68 ,Bq kg-1,134Cs,=,"1,542 ",33 ,Bq kg-1,river,Takase,W0700140002,43,Day,68.90 ,g,28
10.34355/Fukushima.Pref.CEC.00014,294,2016,2,22,12,0,JST,2016.140868,N,1,37,29,7,37.48527778,E,1,140,59,53,140.9980556,1,10.9,m,Suspended Matter,137Cs,=,"8,715 ",136 ,Bq kg-1,134Cs,=,"1,823 ",64 ,Bq kg-1,river,Takase,W0700140002,34,Day,11.23 ,g,28
10.34355/Fukushima.Pref.CEC.00014,295,2016,4,8,12,0,JST,2016.269178,N,1,37,29,7,37.48527778,E,1,140,59,53,140.9980556,1,10.9,m,Suspended Matter,137Cs,=,"6,421 ",307 ,Bq kg-1,134Cs,=,"1,442 ",162 ,Bq kg-1,river,Takase,W0700140002,46,Day,1.89 ,g,28
10.34355/Fukushima.Pref.CEC.00014,296,2016,6,10,12,0,JST,2016.441324,N,1,37,29,7,37.48527778,E,1,140,59,53,140.9980556,1,10.9,m,Suspended Matter,137Cs,=,"11,566 ",162 ,Bq kg-1,134Cs,=,"2,077 ",72 ,Bq kg-1,river,Takase,W0700140002,63,Day,18.07 ,g,28
10.34355/Fukushima.Pref.CEC.00014,297,2016,10,27,12,0,JST,2016.821233,N,1,37,29,7,37.48527778,E,1,140,59,53,140.9980556,1,10.9,m,Suspended Matter,137Cs,=,"2,633 ",25 ,Bq kg-1,134Cs,=,446 ,11 ,Bq kg-1,river,Takase,W0700140002,139,Day,95.45 ,g,28
10.34355/Fukushima.Pref.CEC.00014,298,2016,12,20,12,0,JST,2016.968721,N,1,37,29,7,37.48527778,E,1,140,59,53,140.9980556,1,10.9,m,Suspended Matter,137Cs,=,"5,704 ",173 ,Bq kg-1,134Cs,=,"1,110 ",86 ,Bq kg-1,river,Takase,W0700140002,54,Day,1.76 ,g,28
10.34355/Fukushima.Pref.CEC.00014,299,2017,3,1,12,0,JST,2017.166667,N,1,37,29,7,37.48527778,E,1,140,59,53,140.9980556,1,10.9,m,Suspended Matter,137Cs,=,"4,338 ",187 ,Bq kg-1,134Cs,=,821 ,101 ,Bq kg-1,river,Takase,W0700140002,71,Day,1.36 ,g,28
10.34355/Fukushima.Pref.CEC.00014,300,2015,4,17,12,0,JST,2015.293836,N,1,37,39,4,37.65111111,E,1,140,57,29,140.9580556,1,15.2,m,Suspended Matter,137Cs,=,"16,187 ",172 ,Bq kg-1,134Cs,=,"4,603 ",97 ,Bq kg-1,river,Niida,W0700100001,94,Day,15.38 ,g,29
10.34355/Fukushima.Pref.CEC.00014,301,2015,6,17,12,0,JST,2015.460502,N,1,37,39,4,37.65111111,E,1,140,57,29,140.9580556,1,15.2,m,Suspended Matter,137Cs,=,"14,505 ",259 ,Bq kg-1,134Cs,=,"4,016 ",150 ,Bq kg-1,river,Niida,W0700100001,61,Day,2.91 ,g,29
10.34355/Fukushima.Pref.CEC.00014,302,2015,7,27,12,0,JST,2015.571233,N,1,37,39,4,37.65111111,E,1,140,57,29,140.9580556,1,15.2,m,Suspended Matter,137Cs,=,"13,736 ",194 ,Bq kg-1,134Cs,=,"3,549 ",101 ,Bq kg-1,river,Niida,W0700100001,40,Day,9.10 ,g,29
10.34355/Fukushima.Pref.CEC.00014,303,2015,9,2,12,0,JST,2015.669406,N,1,37,39,4,37.65111111,E,1,140,57,29,140.9580556,1,15.2,m,Suspended Matter,137Cs,=,"15,807 ",168 ,Bq kg-1,134Cs,=,"4,113 ",91 ,Bq kg-1,river,Niida,W0700100001,37,Day,4.38 ,g,29
10.34355/Fukushima.Pref.CEC.00014,304,2016,2,22,12,0,JST,2016.140868,N,1,37,39,4,37.65111111,E,1,140,57,29,140.9580556,1,15.2,m,Suspended Matter,137Cs,=,"7,460 ",119 ,Bq kg-1,134Cs,=,"1,688 ",57 ,Bq kg-1,river,Niida,W0700100001,46,Day,14.47 ,g,29
10.34355/Fukushima.Pref.CEC.00014,305,2016,5,9,12,0,JST,2016.355251,N,1,37,39,4,37.65111111,E,1,140,57,29,140.9580556,1,15.2,m,Suspended Matter,137Cs,=,"5,865 ",90 ,Bq kg-1,134Cs,=,"1,156 ",42 ,Bq kg-1,river,Niida,W0700100001,77,Day,34.34 ,g,29
10.34355/Fukushima.Pref.CEC.00014,306,2016,6,21,12,0,JST,2016.471461,N,1,37,39,4,37.65111111,E,1,140,57,29,140.9580556,1,15.2,m,Suspended Matter,137Cs,=,"6,291 ",349 ,Bq kg-1,134Cs,=,"1,198 ",173 ,Bq kg-1,river,Niida,W0700100001,43,Day,1.41 ,g,29
10.34355/Fukushima.Pref.CEC.00014,307,2016,10,27,12,0,JST,2016.821233,N,1,37,39,4,37.65111111,E,1,140,57,29,140.9580556,1,15.2,m,Suspended Matter,137Cs,=,"4,450 ",44 ,Bq kg-1,134Cs,=,739 ,18 ,Bq kg-1,river,Niida,W0700100001,128,Day,85.03 ,g,29
10.34355/Fukushima.Pref.CEC.00014,308,2016,12,20,12,0,JST,2016.968721,N,1,37,39,4,37.65111111,E,1,140,57,29,140.9580556,1,15.2,m,Suspended Matter,137Cs,=,"4,463 ",77 ,Bq kg-1,134Cs,=,750 ,43 ,Bq kg-1,river,Niida,W0700100001,54,Day,0.43 ,g,29
10.34355/Fukushima.Pref.CEC.00014,309,2017,3,2,12,0,JST,2017.169406,N,1,37,39,4,37.65111111,E,1,140,57,29,140.9580556,1,15.2,m,Suspended Matter,137Cs,=,"2,734 ",143 ,Bq kg-1,134Cs,=,309 ,89 ,Bq kg-1,river,Niida,W0700100001,72,Day,0.38 ,g,29
10.34355/Fukushima.Pref.CEC.00014,310,2015,5,1,12,0,JST,2015.333333,N,1,37,22,13,37.37027778,E,1,140,25,44,140.4288889,1,232.1,m,Suspended Matter,137Cs,=,693 ,40 ,Bq kg-1,134Cs,=,192 ,22 ,Bq kg-1,river,Otakine,W8202010176,108,Day,11.11 ,g,30
10.34355/Fukushima.Pref.CEC.00014,311,2015,5,28,12,0,JST,2015.407306,N,1,37,22,13,37.37027778,E,1,140,25,44,140.4288889,1,232.1,m,Suspended Matter,137Cs,=,909 ,54 ,Bq kg-1,134Cs,=,275 ,38 ,Bq kg-1,river,Otakine,W8202010176,27,Day,2.45 ,g,30
10.34355/Fukushima.Pref.CEC.00014,312,2015,7,23,12,0,JST,2015.560274,N,1,37,22,13,37.37027778,E,1,140,25,44,140.4288889,1,232.1,m,Suspended Matter,137Cs,=,436 ,24 ,Bq kg-1,134Cs,=,105 ,12 ,Bq kg-1,river,Otakine,W8202010176,56,Day,21.47 ,g,30
10.34355/Fukushima.Pref.CEC.00014,313,2015,8,27,12,0,JST,2015.654566,N,1,37,22,13,37.37027778,E,1,140,25,44,140.4288889,1,232.1,m,Suspended Matter,137Cs,=,671 ,51 ,Bq kg-1,134Cs,=,211 ,38 ,Bq kg-1,river,Otakine,W8202010176,35,Day,1.15 ,g,30
10.34355/Fukushima.Pref.CEC.00014,314,2015,10,6,12,0,JST,2015.763699,N,1,37,22,13,37.37027778,E,1,140,25,44,140.4288889,1,232.1,m,Suspended Matter,137Cs,=,262 ,11 ,Bq kg-1,134Cs,=,61 ,6 ,Bq kg-1,river,Otakine,W8202010176,40,Day,47.20 ,g,30
10.34355/Fukushima.Pref.CEC.00014,315,2015,12,4,12,0,JST,2015.924886,N,1,37,22,13,37.37027778,E,1,140,25,44,140.4288889,1,232.1,m,Suspended Matter,137Cs,=,994 ,40 ,Bq kg-1,134Cs,=,211 ,29 ,Bq kg-1,river,Otakine,W8202010176,59,Day,0.73 ,g,30
10.34355/Fukushima.Pref.CEC.00014,316,2016,1,28,12,0,JST,2016.073973,N,1,37,22,13,37.37027778,E,1,140,25,44,140.4288889,1,232.1,m,Suspended Matter,137Cs,=,902 ,41 ,Bq kg-1,134Cs,=,195 ,25 ,Bq kg-1,river,Otakine,W8202010176,55,Day,4.05 ,g,30
10.34355/Fukushima.Pref.CEC.00014,317,2016,2,22,12,0,JST,2016.140868,N,1,37,22,13,37.37027778,E,1,140,25,44,140.4288889,1,232.1,m,Suspended Matter,137Cs,=,278 ,47 ,Bq kg-1,134Cs,<,143 ,,Bq kg-1,river,Otakine,W8202010176,25,Day,0.14 ,g,30
10.34355/Fukushima.Pref.CEC.00014,318,2016,4,13,12,0,JST,2016.282877,N,1,37,22,13,37.37027778,E,1,140,25,44,140.4288889,1,232.1,m,Suspended Matter,137Cs,=,"1,254 ",100 ,Bq kg-1,134Cs,=,217 ,60 ,Bq kg-1,river,Otakine,W8202010176,51,Day,1.14 ,g,30
10.34355/Fukushima.Pref.CEC.00014,319,2016,6,10,12,0,JST,2016.441324,N,1,37,22,13,37.37027778,E,1,140,25,44,140.4288889,1,232.1,m,Suspended Matter,137Cs,=,634 ,53 ,Bq kg-1,134Cs,=,145 ,37 ,Bq kg-1,river,Otakine,W8202010176,58,Day,1.97 ,g,30
10.34355/Fukushima.Pref.CEC.00014,320,2016,8,2,12,0,JST,2016.586073,N,1,37,22,13,37.37027778,E,1,140,25,44,140.4288889,1,232.1,m,Suspended Matter,137Cs,=,860 ,31 ,Bq kg-1,134Cs,=,164 ,17 ,Bq kg-1,river,Otakine,W8202010176,53,Day,2.97 ,g,30
10.34355/Fukushima.Pref.CEC.00014,321,2016,9,29,12,0,JST,2016.743379,N,1,37,22,13,37.37027778,E,1,140,25,44,140.4288889,1,232.1,m,Suspended Matter,137Cs,=,532 ,10 ,Bq kg-1,134Cs,=,92 ,5 ,Bq kg-1,river,Otakine,W8202010176,58,Day,10.27 ,g,30
10.34355/Fukushima.Pref.CEC.00014,322,2016,12,20,12,0,JST,2016.968721,N,1,37,22,13,37.37027778,E,1,140,25,44,140.4288889,1,232.1,m,Suspended Matter,137Cs,=,"1,155 ",51 ,Bq kg-1,134Cs,=,204 ,29 ,Bq kg-1,river,Otakine,W8202010176,82,Day,1.40 ,g,30
10.34355/Fukushima.Pref.CEC.00014,323,2017,3,1,12,0,JST,2017.166667,N,1,37,22,13,37.37027778,E,1,140,25,44,140.4288889,1,232.1,m,Suspended Matter,137Cs,=,419 ,68 ,Bq kg-1,134Cs,<,199 ,,Bq kg-1,river,Otakine,W8202010176,71,Day,0.35 ,g,30
